# Resource object code (Python 3)
# Created by: object code
# Created by: The Resource Compiler for Qt version 6.10.2
# WARNING! All changes made in this file will be lost!

from PyQt6 import QtCore

qt_resource_data = b"\
\x00\x00\x8c\xf1\
\x00\
\x02\xae\xdbx\xda\xec]\x07@\x14\xc7\xd7\x1fD\xc5\xd8\
ML\xa2\x89\xf94\xc6\xa8\xff\x14\x15\xec\x14\xb1\x17\x8a\
\xbdw\xa5ZP\xa4(J;\xb0a\xa1c\x89\xbdk\
,\xb1\x83\x14\xe5\xec\xc6\x86=6\x14P\x8a\x1a#I\
4\xa2\x22\xfb\xbd\xb77{\xec-w\xc7U8\xd0\xfd\
\xbe\xdf\x7fg\x0d\xb7;\xf3\xde\x9b\x997o\xde\xbcG\
\x88\x11\xf9\x84\xd4\xaeM\xe0\xde\x88\xb8V$d9!\
\xa4^=\xc9s\xc8'\x84\x14\xc0\xbf5j$y\xde\
\x01\x7f\xb7\xa0&!\xadZ\xd1\xe7\xef\x09i\xd1\x90\x90\
\xce\x9d%\xcf\xcd\xbb\x12r\xab;!\xbd{\xd3\xdf\x0f\
\x86\xdf/ d\xfcx\xfa\xf71\xf0\xfb{\x84\x88D\
\xf4\xef\xab\x18\x91\x16\xeeF\x04/|\x9e\xdf\x8e\x90\xa1\
>\x15Hsx\x86O\xc1\xbfH\xfe\x9d\xbd\xa0\x1e'\
kJ\xc0]W=\x82\xd3\x8f\xbax\x9f\x8fw\xf2l\
\x9a\xe0\xecE\x12\x1d<H|@0\x91w\xb9\xb5\xef\
B|\xad\xfb\x10\xd76V\xc4\xb9\xb5%\x8b\xc7\x01\xe1\
\xe7\xe1\x1dL\x92\x8bwB\xc2x\xf7o\xe3\xfd\x83H\
\xec\xd6_\xe4\xfe\xbe\xd7\xb7\xcd\xc9\xc0f-\x8d\x9cZ\
[\x0c\x85\xdf6\xc6\xdf\xe7\x88\x22\x9bf\x06\x84'\x5c\
\xf1\x9e\xcb$\xcc\x9d\x9f\xb0oCT\xbd\xf8-\xabH\
v\xda}\xe9\xef\x22\xfa\x0e'\x91v\xc3I\xb8\xed0\
\x12\xd3wd\xadYV\xbd~wic\xb5\xc6\xd1\xcc\
\xbcrV`\x04y\xe2\x1b\xf6\xed\x9d\xb5\x9b\x12.\xc4\
\xef\x7f}\xfb\xd2\xd9q)\xc7\x13\xd8\xdfg\xdc\xb8F\
\x18\x86!\xcb\xfa\x8eb\x7f\x8f\x88\xb2\x1b\xee\x12f3\
\xf4\xad\x87y\xf7\x17\x8ef\x16\xbd\xb2}\xc3H\xea\xaa\
\x8d\xe4\xfc\x99\xc4zi\xb7\xaf\x8f\x87\xdf\x9d\x06\xd8\xe3\
\xef\xb3R\xef\x10c\xf8>|\xb7z\x84\xed\xb0f\xf0\
\xfb9\x80?\xe1\x1dLp\xf7~\x0c\xd0a\xf3}\xf8\
\xed\xc53I\xe4\xca\x89Dr\xf7\xcay\xfcn_\xc0\
Y|G\xc6\xb5+\xe4\xd2T\xbf\x8a\xbf\x8er]\x0e\
\xf5~\x02\xbfe8\x84\xda\x0ca\xdc;v{\xc8\xb5\
\x11\xbf\xc7\x03\xfb\x8e\x9cG\x0fm\x13\x1cf\xd4Kp\
\xf2\xbc\xb3c\xa4\x0b\x13e?\x82\xe1\xbfcv\xa7\xde\
o\xf9\xf4}|\xeb:\xc9zp\x97\xe0w\xe1\xb7v\
9\x19\xa9\xc9\xbf/\x8d\xd9\x98\xe8\xe4\xf9\x06\xde\xc1l\
\x1a\xea \xf3\xfb\x80.v\xef\x85<b\xc4\xa9d\xf3\
\xa0\x09\x15\xe3'\xba\xd7\xfb}\xe9\xb2M\xc93\xfc\x99\
D'/&\xd1\xd9\x8b\x89u\x98\xc1\xac\x1a0V\xfa\
\xfb\xa0n}\x9fK\xeb\xef\x1fI2\xfcC\x91\x9f\xd5\
/\xcf\x10-Or\xf6\xba\x0d\xdf|\xc3\xfd\x16\x01\xff\
\xc6\xec\x193\x85mG\x04\xd2\xb0[\xdfd\xee\xf7\xc8\
GD\xb6(\xb2\xd9#\xff\xb0')\x1eA(S\xd2\
\xdfr\x009e\xd6\x0e\x1a\xcf\x84\xdb\x0e}\x17\xd4\xcd\
~*\xf7;\x1e\xe6\x00\x18\x90)\xe6\xa6\xf7|F<\
i\x16\x93\xe0,[\x07\xe0\x07\x032p\xda\xbf\xb3m\
=\xfa\x1b#@-\x80\x0b\xe0O\xfc=\x87\xd49\x8b\
\x99\xdf\xa7\xf93\xd0G\xa4\xef\xd9;n\xea\x8b\x08\xbb\
a\xbd\xa3\xedGp\xdf\x1c\x0a\xf8\x1d\xf0\x96\xff[\x0e\
X\x97\xbb>!\xcc\xa5\x19\x22\xe6\xd4\x949/\x96\xda\
\x0c\xb9\xeddf\xd1\x0f\xf8\xc7\xfd\xbe1`-\xe0\x85\
\xbc\xdf#\xb2\x03#\xde\xc1\xfd4\xf4\xb7\xde \xfb\xfd\
\xa0\xef\x84\x03\xaa\xf1\xda\x8d}\xa17`3\xe0!\xad\
\xcb{\xc0s@2\x00iU\x0f\xeaA\xd6\x0e\x1e\x8f\
}\xb7\x1a\xc0\xc88\x8d\x10\x84\x91HV\x0e\xc4\x804\
\x0a1\x85\xbc\x0b\xc7\x19\x18\xeaH+\xfe8\xf3\x89\x9c\
q\xc63x\x1f\xd0\xf05\xd0/\x1aP5\x11\xc7\x1a\
\x16\x9eD\x9d\x8b\x1bw\xf8`e? <\x8f\x8eC\
o\xe0\xbd\x0b\x01U\xb8o\x1c\xda\xbcB\xdd\xf7W\x00\
\xd4\xe6\x7f\x03h\x17\x0d||C\xbf\xf1\x0e\xde\x1br\
t\x80k\x95#\xf3\xe6\x93\xd8\x8d\xcbY\x14wyN\
\x18O\x80\xef\x04\xc6\x9d/\xe1\x9d;\x01\xedx\xef\xaf\
\x0aX\x08\xdfx\xc7~\xc3u\xe6\xbb#A\xf3B\x0e\
\xee_W\xed\xf0\x86e\xe4\xb7\x95K\x8a}?\x8eo\
\xa2\xae\xf6\x04\xfa\xa5\x05\x8c\xd5\xff9\xb5\xb6L\x80w\
\xd7\xa1\xefGT\x01\x84<\x16E\xbe;\x1f\x11\xc3\xc4\
mX\xfe:n\xf3\xca>\xe2\xdf\xb6J\xc7\x1eyW\
\x95\x8a\x95\xa4\xe3\xe72\xbb18\x86\x86\xcd\xef\xd1\x9f\
\x99\xd4\xb6\xd3{\xf8\xc6d\xde\xfb\xc9\x0b\x97\xa0*\xf7\
\xd6m\x09I9\x1a\xfb\xfa\xda\x99c\xef3\xee\xdcX\
\xfa<'\xd3\x84?\xbe\xf1\xeb+\x07\xf68\xc6\xd2\xf1\
\x8d\x81w_\x00\xd4\xcb\x0c\x8cd\xdf\x7fw\xc3Vr\
\xe6\xc6\xa9j)'\x13\xfbd>\xb8\xb3\x14\xde\xf7\x12\
0\x0f \xf3\x8d}\xe3\xdcX\xc0x\xc5\xbd\xb7\x06`\
< \x83\x1b\xbf\x16\xf7\x1e\xc4Lig\xfd\x1ax2\
\x1a\xebsY\x9cH.\x1f\x8f'\x97\xc4G\xc8\xf5s\
b\xf2\xf4q\x1a\xbes>\xe0\x95\xf0\x1b\xbb\xc7L&\
0\x96\xd5X\xd1\x7f\xf4P\x18\xcb\x82\xe0}b@\x1e\
\x7f|E\xc0\x5c\xc5\xc0\xfb\xb7rm\xc6\xf7\x9fO<\
\xc8\x1f\xeb\xe5~\xe3\x88\xc3\x0c\x94\xdd\xb6\xbbFO\xca\
\x85\xb9\x83\x11\xbe\x17\x81\xf3\xd0\x5c\x98\x87`<\xb8-\
\xe4\x99`>)\xf2\x8d\xd3\xc1K\xf1\xfd\xa3\x00\xefq\
<\x14\xce-\x1c\x96\xf4\x19\xccLm\xdf\xf9\xa5<\xb9\
P\xf8\x8d\xf4\xfb\xf3n\xc7\xc5\xd7\x84wo\xc3\xf1\x12\
\xc7\xcd\xad\xc3\x9d\xe4\xbe\x1f\xc6qfF\xc7n\x05\x8a\
d:+]\xf0\x8d\xf4\xfb\xf3s2\x1e\xe4^\xdb\xb6\
\xeb\x00\xcc//\xb8q\xfd\x88\xa3\x07\xb3n\xf0\x84\x22\
\xef\x87y\x9b\xf1\xb6\xec\xf9N\xd1\xfb\xcf\xba\xf9\x91\x0b\
\xd3\x03\xc8Q\x18'N\xcf]Jn\x1fI\xa8\x09\xef\
>x|V0\xcc{\x9e2s\xcf\xa1\x89\xd3\x19\xe0\
w\x91\xf7\x03\x8f\x9f\xc9\xad;\xc8\xeb\x99\xa9\xbe\x04\xe6\
\x8f\x1a\xc8KJ\xefml\xbd\x05\xef\xe6\xb0s\xf4$\
\xe0\xeb\x08\x1e}\xd8\xf7\x9fQ\xf4~\x98\x9fH\x9a\xdf\
\xd2\xa1\x17\xdd\x03s\x91\x97\xf2\xde)o\xfe\x8c\xe0\xe9\
!@\x9f\x10\xe1\xbbk\x98T!Y\x01tN\x0e\x8c\
\x08\x829\x99\x9d\xbf\x92\x8ay?\xfe\xf7\xdf\xc6N\x91\
\xca\x13\xf4\xb1g3\xcc\xbbY\xca\xab;E\x0d\x80\x98\
\x9b'\xafy\xcee\x8e\xb9\xce\x94\x99\xb3\x8b\xb4\x01x\
\xbdz\xe0Xh\xc30fA\xcf\x01\xdb\x87\xfd`f\
\xc2\xbd71z\x91P\x1f\x18\x0f\xc8\xe3\xcf\xa5wf\
-dNL\x9e\xad\xb4\x1d(\xaf\xa0#\xfc\x09\xfd\xab\
SH\xaf\x81\xc2w\x12\xc6\xf7W\xbc\xdb\x032\xe4\xcd\
\xd7i\xbeK\x19\xe0\x89\x8c\xde\xc0\xa7\x11\xf4\xeb\xfcP\
\x9b\xa1A\xb6M~4\xf2)\xd4\x03*\x00\xbe\x04X\
\x00\xc2\x84\xbaH\x11\xbd\x22P\xa2W\x9c\x03\xfd\xe4\x98\
\xcbL\x86\xebk\xa8\xebm\x182\xf1\x1a\xbc\xf7+\xd4\
1\xa6\x81\xdeN\xdf_\x1b\xb0\x13\xf0\x9f\xb2\xf7\x0a\xf4\
\x0e\x96/\xf7g/fys\xc9]\x94\x7f`\xc2\xb4\
k\xd3:ty\x01\xe3\xda<\x18\x9b?\xe1\x8f\xff\x80\
v\x80\x04\xaa{0\xea|\x07\xf0\x1c\xf4\xbf\xa08\x87\
\x19\xf5\x1d%\xef~\x01\xe8#x?\xa2\x0e`2\xe0\
\x82\x90\xb7\x0a\xf0\x0c\xb0\x03\xd0\x09\xf4\x04\xa3\xed#]\
\x88\x8b\xa4\xde\xf8\xee\xfa\x9c\x0e!G\x97D\xfdp4\
`+\xe06\xe0%\xa0\x00\x90O\xdfy\x06\xe7S\x80\
%\xc0\x84\xfb\x1d\xaeS\x84:\x8a\x11s\x1c\x95kB\
\x02E\x12t\xa2\x0b4\xb8DT\xbf\xca\x05\xe4\x01\xf2\
\xe9\x9dC.\x85\x22\x1dLD\xf50\xd4\xbe:\xf3\xf5\
\xb0\xdar\xf50\x1f\x90\xc9\xbf@V\xb2\x00#\x0b\xf5\
0\x847\xd1\xc5%\xdbv+\xe2\xd4\xd6\xbcp\x8d\x12\
\x10\xfe\x17\xd5\xa1P^3\x01\x03u]\x07y:\xe2\
\x04\xd3\x0e\x1c\x8f\xb3Q\x9eyu\xc8.R\x87\xe9\xb3\
5\xfe6\xacm\xb9o~\x01\xe8DuI\xc2\x93\xb1\
\x91\x80Lyu8\x94\xb8\x85\x1c\x99\xbf@e}R\
\xde\x05\xf3\x11\xca6\xea\x99\x03\xe0\x9bY\x00{\xfc\xb6\
k\x9b\x8e\xc4\xd9L\xda\x8f\x06\xca\xd0\xc1\x19\xea\xe0\xea\
\x9d\x1d\x1f4o\xd0i\xd0\xe45\xfd~\xa4\xed\x08\x12\
m?\x9c\x8c\xfe\xb9-\x819E\x04\xebc\xd4\xdf\xae\
qk}A?\x96\xd6\xe1\x0a\x8c+\x09\xc1\xf3\x98\xd8\
\xb51\xd9\xa0\xeb\xf6B}w\xcf\xf2\xc5\xea\x7f\x9f\xea\
\x90\xb0.\xab\x03}\xf0\x0c\xea^\xf0MD\x14\xc7\x07\
A\xff\x1e\x98\x15\x14\x99}w\xed&\xe6\xc4o\xdb\x98\
\x84\xedk\x0a\x8e\xef\xdd\xeat\xf1\xe8a\xf243]\
\xa1>,\xbc\xbe\xa8VS\xa8\xc3:\x02\xde.\xed3\
\x84\x81q\x92\x01\x1d\xf9\x19|\xbb\xbd\xf0\xfb\xa7\xee\x9f\
'\xf7\xd6n\x1e\x98r,.;\xe5DB\xc1\xdd\x94\
\xdf\x99\xec\x87\xf7\x12\xe0\xbb\xdf\xca\xd3\x97\x95\xb5\x99\x87\
\x8e\x80TN?\x84\xb5\x00\xea\x87H\x83h\x5c\xef\xf1\
\xc7\xb9;\x1b\xb7\x12\xa6R7r\xe9x|\xaf\x1b\xe7\
\x8e;\xc3\xb7\x12\x01\x0c\xbd\xcb\xadC\x9c\xe3\x0c\x8e\xc6\
\xc2\xef\x1a\x03l\x01\xb7d\xf5\xbba\xa8\xdf!\x0d\xee\
\xc2\xf7\x9bp\xefI_\xb2\x82\xd5\x859\xdcI\xf9\x1d\
\xbf\xd3\x18\x90\xa4\xac\x0e\xd8?\x83\xbb\xf5%\x93Z[\
U\x00\xfaV\x83o|\x0d\xe8\x09X\x03x!OG\
fi\xd0\xda\xf2\x0d|\x7f\x02\x9fv\x97\xc5\x92o\xff\
\x9ex\x80<\xc9x\xc8}Gi\x1d\x92`\xbd\xbai\
\x98#\xea\xff\x03@\x17<\x09\xdf\xb8\x0b\xf8O\x9en\
\xcb\x01\xe5\x00th\xa4\xc1FE|\x14\xe8\xd2\x0a\xeb\
\x10?\xc1\x9d\x80\xae\x8btX\x8a\xb6\x14Ek\x03!\
fZ\xb2\xeb\x90+\xcadI\x95:\xc4\x0ew\xc5o\
W\x02\xecK\x94\xe81L\xb4\x82\xb5\x03\x9f\x07\xb0.\
E\x19|^\x5c_*\xae\x0e\xd7\xb6\xef\xc2\xef7\x05\
dp\xfa\xd4v\xb4\x8d\x15\xf3}\xd0\x13\xd1^\xf7N\
\x95\xfe\xac\xac\x0eO\xb2\xd2\xbf\x05\xdd\xddO\xa8So\
\x14\xd8\xd6\x84X\xdc{0\xae5\x0bT\x1d\xcb\xe4\xd5\
\x01\xd6=\xcc\x9d\xc4\xa4\xcb\x89.\xde\xd9B}\x15t\
&\xaa\x13+\x96A\xb7\xf6]\xde\x14\xf7\xdd\xe3\x93f\
I\xe7\xc1\x84\x89\xee$v\x84+\xb9\xbe}7\x81v\
7\xbe\x0b\xdf>\xe9\xb7\x90\x91\xb7vA\x9dv\xffx\
7f\x99\x02y\xa4caNq\xdf\xc7q\xe9U\xc8\
*r\xc3{\x1e\x81u\x00'kMY\x9ac\xbb\x15\
\xac\x9b\xf8\xb2\xa0h\x1d\x0b\xdf?[\xdc\xf7A?!\
\xcc\x8a]\x15\xceO\x0f\x18\x00\xef[B\xe5<\xa3\xb8\
u\x15\x7f\x1d\xbaz\xe0\xb8\x22|X\xd4k\x10\xd0\xbf\
s\x8c*\xed\x7f\x16\x1cS\x0d\xd6\x0f'\xd1\xee\xa8\xea\
w\x15\xad\xbf8\xf9\x9f\xdf\xa3\xff\xabIm;\x0d,\
\xee\xdb\x14_\x03\xee\xe2\x9a\xef\x02\xaca\xd4\xad\x03\xbb\
\xc6\x1c<^\x86\x06\xd0\xff/\x8fo\xd5\xa1\xbe\xa2o\
7\xa9\xfb\x05\xff\xfb\xbd\xb85\x0a\xf0\x83A[\xf0Q\
9\xb6`e4\xd83f\xb2\x94\x06hc\xf0\xb5\xb6\
\x09@\x9b\x8a\x0am7\x06\xac\x91]gE\xc8\xb5%\
+\x03\xf6\xc7\x95\xfd\xc7p}\xff\x81\x97E\x8f\xa6\xa0\
\x13\x15\xf9nN@\xa4P'\xb1Ud\x07\xc65\xd8\
\x99\xa9\xbe*\xd3\x01\xd6\x808\xff\x16\xc0\xd87\xeb\x96\
\xd7|\x02\xf4/\xda^Q8\xff\xdb\x1d\x01\xb7\x94\xad\
\xd12@&\xae\x00?\x8a[\xa3#\x0f\xb6\x8epF\
\xfbB|`\x17\xbbO\xd1.\x09\xe3\x9f\xbc5\x16\xb7\
\x9es\x00\xa4\xaa\xba^\xbc?{Q\x11\xbb|\x91\xb1\
`\x84\xf3\xdd\xc5\xbd\x07\xb5\x82u<\x81;\xbb\x16\xe1\
}\xf3\x0b\xc0\x00\x80\x08\xed\xea\x8al\xf7\xcah\x81\xb2\
y\x07\xd6\xdf0V0\xc9\xae\xb3\xa4\xebo\xbc\xef\x1b\
\xe7\xc6\x04v\xb5\xbb0\xbee\x87\xc6\x02;2\x07k\
@\x96:\xdfT\xb8>\x0f\x0cg\x1e\xfa.an\xcd\
\x5c\xc0\xc0\xfa\x8eI\x99\x11t'\xa4\xf7\xa0\x0bN\x12\
\xdd7\x89\xd3\xbf]d\xbf_\x81\xda/\xaei[\x07\
^]\x0a\xb2\x03#\xe3\x9f\xcf\x8di\x05\xed\xfe\x16\xbe\
\x99H\xf5\xef\xad\x80JX\x87'\xfe\xe1B\xde\xe3\xde\
G\x14]Ok\xf3\xfd\x07\x80Y\x80OsD\x91\xdc\
\x1eec\xfam_\x801\xb7\x06\xbb3+\x84\xfd\xf6\
#\xdfE\xfc>\xdf\x01m\xfc8\xee\x01\xde\xa8\xf8\xcd\
W\x80\xcb\x80\x00@S\xaeM\xb0\xa6!.\x85{\xa4\
\x95\xb8os\xdf\x97\xf6AQ\x91~\x80\xfbPM\x00\
\x13\x01\x1b\x01W\xe8\xfe\xcd;jw\xc0z\xe5\x00\xce\
\x02b\x00\x83\x00\xf5\xe5\xf5)\xf6{f\xb2k`\x17\
3+B\x18f.\x09d\x82\x885cD\x1a2\x84\
4,\x90\xa0V\x1e!&\xb9DdL\x88\xd8H\xb2\
\xef\x83v\x08TX\x18\x84Hb\xbe`\x88,\x0a\xe8\
\xdf\xe5\xab`\xa3H\xa3v\x0a\xdc+\x1a\xcf\xb7S4\
\x91k\xa7h\x04}{;\xf4%\xdc3zA\xe7\xe2\
\x9aR\xdd\xc4\xd9\x83\x18\xf2\x05c\xc3v\xde\xfa\x1e\x81\
{F\xe1\x80\xea\x5c\x1b\xe2\x9d\xdd\x0d\xb6\xfe C\xaf\
\x056\x0aD> \xa24\xdb\x80r\xec\xd6\xca\x5c\xee\
\x1e\xa0\xa0\xfe\xb9\x9cM\xb9\xb86\x94\xa4,q\xe30\
\xdc\xbf\x94\xd9c\x84\xf1BP\xff%\xb4\xdf3\x86\xc2\
\x87\x0e\xa43Go\xb4\x9d\xee\x02l\xe7\xf6\x17%m\
\xe8\xc4\xaf?\xda\xf5\xc3\xa9\xadTq\x1b\x9c<\xab'\
x\xf9\x91x\xbf \x12\xbb>F\xaf\xf5\x8f\xb2\x1b\xc1\
\xed\xbf~\x0d\xf5\xbdO\xe7\xa6\x85\x80\x8aB9\xa2\xe3\
hu@\x84\xd26\xb8xG@\xdd\xab\x1f\x09]\x22\
\xb1\x9b\xe9\xb1\x0dhg\x99\xd1\xb1\x1b\xf10\xefn\x05\
\xf3\xdb?\xb4\xfex\x1f\x8cuwlc\xc1\xea8\x02\
}V~\x1b\xd0\xe6\xe7\x02\xba\xbahn~\xec\xba\x98\
\x88\xd8-+\xabkcw,\xee\x8a\xee\x83\xbe7\xc3\
X=\x0ctR?\xd0\xc79\xdb\x1c\x22\x05\xd0P\xc6\
N*\x8aT\xda\x86+\xa0\xe7$\x04\xcdc\xa0\xee\x0c\
\xd4\xf9=`A\xec\xa6\xe5\xc6\xfa\xaa?\xcf\xceU\x17\
p\x1etJ\xc6\xd3\xa2\x07\xbf\x0d\x0b\x9d\xdaX\x1a\xb1\
\xfd\xbb-\xe5Ap\xb4\xfc6\x88\x22\x99{\xab72\
'\x7f\xdb\xc6\xc4nZ\x81\xf5g\xe26\xad\x88\xde\xba\
\xc4\xdfx\xef\xca\xa5*\xdb\x1d5\xa8;\xc2\x15\xf0.\
\x8a\xaeIA'\xe7\xea\x9f\x09hY\xa4\x1f\x04\x14\xea\
k\xd9\x01\xe1\xd5\xa1\xee\x11\xf7\xd6l\xcaO9\x16\xc7\
\x5c:~\x849\xb1\x7f\x07\xf3{\xfc~&\xfd\xf6\xf5\
\x88\x17O\xb2\xaa\xa8j\xb7T\xdd\xa6<\x8c_\xf7\x9f\
\xa9\xbd\x8d\xef\xc3\xc4\xe7A\xa8\x93<=\x8b\xb6!-\
l\x15I]\xb9\xa1:\xd4=\xe2\xf2\xf1\xf8\xf7\x00\xe6\
\x8f\x8b\xa7\x99\xc7\xa9\xb7\x99\xec\xb4\xd4\xb7P\xe7\x85\x80\
Ot\xd1\x06\xceg\x8d\x87\x06\x80x\xa1]\x02\xe5\xc8\
]b\x1f\xc5\xfa\xa7\x02\xbe\x93;\x9fA\x1b\xa0\xee\xe4\
\xd6\xae]\xe4\xd2\xa9\xc4\xeaP\xf7\x05\x80\x98\xc7\xf7o\
GB=\xdfR\xfb\x94\xd6m\x88\xa2\xf5\x8d\xb0\x93\xb1\
\xef\xfe\x0f\x10\xa7\xc8\xb6\x16\x5chc.\x00\xb8\xc8\xab\
?\xab\xd3\x9d\x8a\xe5\xdb|\x8dO\xc7\xee6~\x9a\x99\
\x8eu]\x04x\xa7n\x1b*\x18\x19\x910\x90\x8f\xc5\
\xb0\xbeS\xe0KR\x8b\xfa|\xdcTf\x9b\x93\xf0\xa0\
+\xc7\x83}\x80*\x8a\xe8s\xf9T\xa2\xb4\x0d\xe7\x93\
\x0eq\xf5\xd3\xa8\x0d\x89N^\x04\xd6\x8e\xe4\xdc4?\
\xf2\x05\xa9l\x04u\xa9\x0c\xf8\x0c`\x0a\x98F}J\
\xde\x14g\xdbE\x1e\x04\x16\xf6\x83t\xc0\x0f\x1a\xd8\x18\
\xd5n\x03\xd6\x1f}l\x0e\x8c\x9f\xd6`\xd5\xc0\xb1\xd1\
\x11v\xc3\x0fC}.s\xfe;\xea`\x89\xc4>\x8a\
\xf5\xcf\x03\x8c\xd1\xd0N\xaaV\x1b$\xba\x1f\xab?\xf5\
\xda?\xde\xed\x9d\xd0\xb7C\x1d\xa0\xad\xcb\xdb\xb2''\
CQ\xea\xf49M\xdb\xc0\xdb\xb3\x1c\x0b(@\x9b\xc3\
\xf2~\xa34\xaa?\xcfF\x8f8\xaa\xeex\xa7I\x1b\
\x92\x0a\xeb?\x9f\xb3\xd9\xa0\xedr\x99\x8a{\x1a\xc2\xfa\
\x87\xf4\x1a\x88>i\xec8\xaa\xc9\x98\xadn\x1bh\xdd\
\xd1\x971\x91owReOD\x1eBa\x1c\x9a\xd6\
\x9e\xdd/\xfc[\xd3yG\xd56\xe4\xa4\xa7\x92\x04'\
O\xac\x7f{\xc0s\xa1\xedl\xdb\x08g\xa5{*r\
\xfb\x80\xed0\xd0\x89\xbaC\xfd-\xdei3\xe7\xab\xd2\
\x86'\x99iUh\x1f\x88Vd\x83.nOF\x1e\
|\xaczc\xfd\x0b\xb4\xd5[\x8akC\xce\xa3\x87\xf3\
\x8e\xcf\x9ak\x07u}\xaa\xc8\x86\x1a[\xcc\x9e\x8e\xbc\
>\xe0\xd7\xd9\x06\xe5'_\x17\xba\x97\xa26\x80\xec0\
\xe9WR\xf2N\xcc\x9e\x97\xa3l?F\xba'\xa4\xe2\
\x98\x14\xc5\xeas\xb6\xd8\x7f\xff\xd5\x95\xee+\xad\x7fF\
*\xc9\xc9L\xfb\x04\xe8\xbe\x00\xeb~nI\xb4\xcav\
te\xfe\x91E\xeb\xcf\xce\xc3\xe9\x9a\xd4\xd5\x08\xf4\x19\
Y_\x98B$8J\xfc\xa4O\xf8\xcc\xb5\x03\xba?\
Qw?f\xfd\x90\x89\xea\xd0\xff\xa4&\xf5\xcf\x11E\
\x91]c&\xb3>\x8f\xb0\xbe\xe4\xd7\xbf*\x1dg\xa2\
Xy/f\x0fO\x1e\x0eN\x98\x0es\xdb\xe8b\xeb\
\x8f\xebJX\xe3\xaf\xd2\xa4\xfe\xcf\x82b\xc8oc\xa7\
\x92SS\xe64\x00\xbd\xa0\x17\x9dW\xe7\xd3\xf1\xfd\xb9\
\xbau\x96'G*\x8c?o\x1d\xcd,\x9c5\xb4\xd9\
\x11\xe6\x5c\xbaQ\xea\x9c\xc5\xd1\xc0\x03\xb47\x16h[\
gU\xf66\xf9\xe3\xbf\x97E\x8f\xac\x89\xa6\x1d\xcd4\
\xad?\x9ec\xc8\x0e\x8c8\xfc\xd0w\xa9Z{]\xea\
\xec\x8d*\x9a\x9bq\x8fzz\x87\xae\x09\xa3\x7fn[\
]\xdd\xbag\x16\xae\xf3?\x03\xa4\xa0\x9d\x22\xddo)\
\xeb\x9b\xa9\xcb6\xc8\xdb[\xe5d\x7fa\xcf\x01\xa8C\
{y\x98w\xd7\x94\xf6\x083\xbe\xdf)\xee\xf7]\xd4\
`\x0fX\xe9\xde\xac`\x7f\x9aC`W\xbbL\x90\xfd\
\x9f\x5c\x04\xb6\xd0b\xc7\xf8\x80H\xf28Pj\xa7\x98\
&\xdc\xa7\xc1}\xba+\x1e\xc1j\xed!\x17\xd7\x0fV\
\x09\xe6e\x5cCB\xdf]\xdb\xa1\xde\xff\x19;)X\
\xff\xaa@{\xf4\xcf=.\xdf\xd77\x82\xb95S\xbd\
=he@\xfd\x8eO{\xd0\x9d\x9f\x83\xec[\xa1\xec\
8\xabQ\x7f9\xbe\xd6o\x94\xef\xdb.fNk\xd9\
\xaf9\xbd\x82\xeb\xc78\xee\x04u\xeb\xbb\xaa[\xc3\xef\
+\xa2\xff\xa5\x0b@\x83\xba\xff\xa0l\xef[f\x0f\xdc\
/\x94\xf5\x85\xd7F\x9e\xe2\x1c\x0b\xfd\x03\x96\xf4\x19\x9c\
\x0a\xb2\xf3\x13\xcc]\x04\xd6/\xc5\xcf\xb3~E\xf6P\
\x1b\x00\xe2\xd4\xd9/\xc5=\xe3?f.`N\x16\xe3\
\x07\xaf\x08\xe8c\xbe\x86=\x877\xec\xed\x82\x9e\x03&\
\x1d\x1a?\x9d\x8ci\xd1\x8e\x8c\xfa\xc9T\xfe\x19\xa2Q\
\x9fB=\xb9z\xcb\xd4\xff'@\xbc\xa6\xfb\xbei0\
\xc6^\x06^\x14\xe7\x8f \xaf\xfe8\x8e\xc2\x98\xbf~\
v\xa7>U\xfd\xbb\xd8\xb2\xe7[?\xfd\xa4\x9a\xec\xd8\
\xc2\x9eI\x94\xeb\xb3P\x97\x9e\x17\xbc\xa3\x8b\xbd\xf3{\
*\xf83\x08\xc7\xa05\x83\xc6\x89\xe7\xf7\xe8\xdf`I\
\xef\xc1d^\xf7~D\xde\xb8ss\xda|\xd6\xa7\x09\
\xbe\xf1\x09\xf5\xeb\xb1\x02\xf8\xd2\xf3\x8a\xeft\xb8\xf7/\
\xf5\x87\xc0v ?\xf8\xfe\x102\xfd\x17\xda\xb8}\xa4\
33\xd3\xb2\xe7\x9a\x81\xcdZV\xc1=\x19%\xfbx\
\x84\x9e\x89\xd8\x05\xb8\x0f\xf8GWuVv\xde!\x15\
\xc6)\x9c3p\xacB\xdf\x0e\xac3\x02\xdb\x05:\x22\
\xe3\xd3\xa97\xea\x99\xe8S\x1a\xc2\x9d\x81\x90\xbb\xc7_\
8\xaeo\xd7g\xbd\xe5\xb5C2\xf7\x85\xb1\xbe!\xf7\
|\x16\xb1\xbc\xb9\xeb\x13rla\xaf\x81\xabi\xddQ\
\xd7\x7fG\xdbPUI\xfd9\x1f\x9d\x85\x80\x7fK\xb2\
\x1d\xbc\xf6\xbc\xcd\x16E\xae\xfbk\xde\xf2\x06\x96_5\
\xaaB\xeb\xfc\x96\xd7\x06\xefb\xea\x8f\xa8\x08\x18\xcc\xe9\
g%\x08\xf4k\x9a\x84g<q\x8d4\xd1\xd4\x9c\xdb\
C\x0d\xa1u\xc76\xfc\xca\xf7Q\x91\xd1-EE\xc6\
\xfb\x86\x94\x17\x99z\xae7\xfa\x9e\xac\xa2c\xb4\xaco\
\x89\x04U)\xdd\x7f\xa5g\x1d\x14\xea\x0e\x7f\x07\xaff\
\x7f\x9b#Z\xca\xf7uiE\xcf9\xa5R\xff\x16]\
\xd5;\x8b\x9e\xa7\xb6\xa2<\x97\xa1\x9f\x13\xdfw@\xe2\
#c\xac\xcc\x97@\x89<q\xfb\x94\xdf\x01\x5c\x01\xfb\
\x00\xe9j\xf8\x0fqxK\xeb\x8c\xe7\xa6\xbc(\xbd\x8d\
\xf9\xdfy\x12\x1cA\x9a\x7fQ_\xc9\x19\x17+\x0aK\
\x15u\x9fHys\x1a\x9e\x0f\xfe\x110\x96\xfaB\x1d\
\xa3\xbc\xf9\x9b7W\xe4\xd31\x00\xdby\x92\xca\x873\
]7T/J\x9f\x08\xcd\x0c7\x81\x0c\x86n \xc4\
\x9a\xde\x1b2L~-\xb8\xd7\x82;\x9e\xf63a\x98\
<\x0c\xce`L\xefFp7\x92\xdcs\xb9;\xebw\
\xc40\x923\xec\x81\x8c\xe4L\xbb5\xbe\x8d\xe4\x92\x86\
\xac\x8d,\x8f\xd4bO\xbe\xe7\x13\x13\xf6\xce\x88\x8c%\
w\xb1\xe4D<\xfcXr\xcf\xa5\xf1\x11\xf2\xe8\x9dZ\
\xd8\x18j)d\xeb\xc8\xdeE\xf4.\x96\xfd\xfb\xe2\xee\
\xb9\x82{\x9a\xe0N\x1d\xab\xd8\xd7\x1bI\xfc\xae\xf0\x9e\
K\xef\xec\x7f6\x16\xdc\x8d\x14\xdf\xd3\x04\xbf\xc7\xe6\x18\
\x1bI|\xba\xd0-\xac9=K&\xe2\xfbiu.\
\xea\xa7\xf5\xccw\x1e\xdawl\x00g\x01x\xf6\xfe\x1f\
\xc0N\xc0\x0fh\xfbIr\x9e\xc9\x9e\xe9\xd2\xd5\xd92\
\x03\xf4\x93\xb2\xb9\xea\x11\xfcPN\xac\x8a\xd3\x80\x9f\xcb\
;\x0d\xd0\x17Q\x8e_\x0c\x87s\x80\x16\xe5\x99\x06\x9c\
\xdfpy\xa0\x81s++\xb9g'\x9d\xcc,\x95\xb5\
\xff_~\x9c\x93\xb2L\x03GSKV7p1\xa3\
~\xbbmx4hk\xa9\xa8\xfd\xbb\x84\xb1^\xca*\
\x0d\x5c\xdbI\xdb\xdb\x9e\xeat}\x8a\xd3\x8b\xa8\xbep\
\xba<\xd0\x80\xe7/\xedOur<\xb3\xd8V*\x03\
m,\x14\xe9\x83?\x03\xce\xa9E\x03\x17/\x920[\
D\x12\xe6\x88\xf4\xe6s\xa7\xce\xb5\xbc\xcb(X\x97t\
$c[\xb6\xc7s\xb2\x1bx>U\xc7\xb83\xf2r\
\xd7W\xfea\x9a\xd1\xc0\xc1\xa3\xc5\x91\x85\x0b\x09\xfa~\
\xea\xd3\xefPe?3\xfb\xe1\xc4\xbdc7D\x1d\x97\
6V\xbf\xf3\xda\xcf\xd0XK\x95\x9c\x15\xf9\x96\xa9K\
\x03(\xc7\x07\x06\x9f\x8b\xdd\xb4\xa2E\xec\xfae\x04\xee\
\xa5\xdf~\xbb\xe1\x04\xcf\xc9D\xd8\x0e\xeb\xe0\xd7\xd9\xf6\
/\xea\xcf\xc5\xf0|L\x07b\xdb\xbb7\x1aR\xd4?\
PU\x1a8Kh\x00m\xc7\xb3\xde\xe8\xf7x\x0e\xd0\
\x02\xdb\xbe-2\xb8Ty\x1fi'\xf53\xf4\xa71\
]\x18\x81\x0c\xa0L|%=KajU\x94\x06\x85\
\xbe\x92ri\xc0\xfa\xac\x8a\xe6r>\xab\x1cN\x00\xea\
\x95\x16\xff\x05\xfe\x95\xf5\xa9\xff\x16\xbb\x17\xc6\xf3\x89\xe3\
\xe0K\xe7F\xe2dj%\xd7\xc7\x92\x07Y\x1a\xa0\xcf\
\xeb\xaa\x0d\xcc\xc9\xdf\xb6\xa2\xaf\xab\xb4\xfd\x877,\xbb\
\x18\xbbqY\x03\x00\xc9yx\xaf\x14\xe4^\xc6\xcf\x11\
}\xee\xf2yg&9\x7f\x22\x0e\xe8\x9f\xd9\x9c\x93\x81\
1-z\xca\xb7\x0d\x14\xfa.Kh\x00m\xbf\xbfz\
#S\xe83\xbb\x9dm\xfb\xb1]\x1b\x0bR\x8e'\xf8\
\x1f\x5c\x1fC2\xee\xdc`\xfd\x14J\x92\x061\x03F\
\xf2\xdb\xfe#\xe0\x8epOn\x8eu\x1fa?\x98\xe7\
\xdc\xbaSq\xf6Z\x09\x0d`\xed\x9f\xed\x17\xf63\xb4\
\xfd\x5c\xca\xd18\x06\xfdm\x11\x97\xc4q\xcc\xb9\xf8}\
\xcc\xbd\xab\x17\x98\x9c\xf4\xd4G\xd0\xee\x81\xd9\xe9\xa9R\
_\x8d\x92\xa0AD\xef\xc1\xfc\xb6\xd7\x06\xecRrn\
\x99\xdf\xfe;\x80o\x8b\xd1\x89$\xb1\x99V\xac'w\
\xb6l'\x97N$\xfc\x0c\xed>\xc7\xb5\xff\xda\x99d\
&\xfd\xce\x0d\xf49f\xa8?P&\xd2 \xab\x04h\
\x10\xdd\xafH\xdc\x06\x8c\xa1\x10\x01x\xaf\xc8'\x01\xfd\
\x02]\x0a\xdb\x8f>\xbeS%\xe7\xc9,\x94\xda\xc9R\
\x97\xaf#iK~!)\xc9G\xd0_\x16ip\x02\
p\x11\xf8\x1e\x00m|L\xdb^\x224\x88d\xe3U\
\x14i;\xfa\xdaF\xa1?|\xf1\xfe\xc1\xdd\xf8c!\
\x9e\xa9\xac^\x9c\xad\xed\x928A\x82\xe4\x04\xceg\xb8\
\x1e\xa0\xc1\x99\xc3{\xb0}\x83\x01Y\xfa\xa6\x01o^\
+\x8c\x81j\xcb\xd2\xa1\x0d\xe0 \xa0@\x15\xbf\xa0 \
Y\x19\xf8\x0b\xd0Q\x15[#\xb6\x1f\xe3l\x5c\xbdz\
D\xea7\xfd8\xf56\xb4\xeb\xbe\xcei\xb0g\xcc$\
\x12c?\x92D\xc8\xf7\x05GZT\x80{\xd3HI\
\xbc\xbeG\xea\xf9f\x16\x19\x07|\x9c\xd5\xdc\xe7g\xfb\
\x05/\x9e\x9d\xaei\x80\xfe\x9cG]f\x92]\xa3'\
a\x9c\x5c.&\x0b\xc6=l\x02\x18\x08X\x09x\xa0\
\xa9\x8f3\xfa\x16\xf2\xda\x7f\x08\xed\xff\x1a\xd9L\xf4D\
\x03\x8c\x8br\xd9#\xc8x\xed\xa0\xf1C\xa1\xbe\xd1\x80\
\xad\x80\x13\x80tU\xfc\xe8\x8b\x03\x9e\x97\x99\x5c\xa8\x0f\
<@]@c\xbb\x91\x8eip`\x92\x0f\xebkw\
\xccu\xe6\x97\x07'L\xbf\x81~Z\xda\xb6W\xb1\x7f\
/\xdb\xfeW\xb8&\xd0\xcav\xa6C\x1a\x1c\x95\xf82\
#\x9a$9{=\xc2X\x8d\xe8\xa3\xa3\xcb\xf6G\xc9\
\x9e7\xc2yP\xa4\xb5\xfdPG4\xe0\xf9Zv\x00\
\xe4r>\x93+\x07\x8c\xd1i\xfby>\xf6\xec\x9e\xa5\
Nl\xa8:\xa0\x01\xaf\xfd\xa3\xe8\xd9Rv\xad\x89~\
B\xda\x9c\xeb\x90\xa7\x0bL\xef ]\x17\x9d\xd7\x99\x1d\
Y\x0b\x1a$\xbaP\xd9wb\xdb\x1f.\xf4\xb7\xd0\xf4\
L\x85\xd2XR\x92\xf6?\xd2\xa9-]C\x1a\xf0x\
\xff\x19\xe0\xbc\xa2\xb8\xaa\x9a\x9c\xc9\x90\xd7\x07\xfc%>\
\xd2\xac]D\xe7\xfb\x09\x1a\xd0\xe0|\xe4/\x5c\xfb\xf1\
<\xc1+\xb9\xfeNr|\xfe4m?\x8d9\x8c\xed\
\x7f\xab\x97=\x155ip!j\x15\xb6\xdd\x04\xf0k\
q\xbe\xb3\x1bT\xf0\x83Wc\x0c, z\xba\xd4\xa1\
\xc1I\xbf\x85\xd8~{\xba\xf7\xaa\xd4o\x8c\x8d\xe1\xaf\
\xe5\xbc\xc8;\xab\xf7^\xaf{k\xaa\xd0 =\xf5\xf1\
\xbdd\xf1\xa4D'\xcf\xd3\xea\xf8\x8ejzN\x8e]\
\x0b\xd0x~\xd0\xfe\xd7z\xdf_TF\x83\xf4T&\
\xf3\xee\x1f\xcc\x85\xe8\xd5o\xa0\xfdj\xf9\xfa\xef\x1c5\
I\xa53-\x8a\xe6@zN\xed9)\x81K.\x0d\
\xd2S3\xb1\xed)k7a\xac|\x8d\xfcW59\
\x1f&m\xbf$\xae\xe7\x9d\x92h\x7f\x02\xce\xeb\xa0\xdf\
\x02\x9f\xc9\xc5ek\xc8\xf1\x99\xc1\xe4\xbe\xf8\xf8\x94\x0b\
1\xab\xdfh\xd2v\x0e\x87'\xba3\xbfh\xa0\x1f\x16\
\xb6\xdf\x22I\x1f\xed\x8dw\xf4&I.^\x8a\xceB\
\x99\xb0c\x9d\x93\xe7)ue^\x1e0\x86\xa6\xbaz\
\x01\xda\x02\xdc\xd8x\x9e\x16+u\xd5\xe6\x8b3\x02\xa0\
\xcd\xde\x5c\xccC\x19$\x15\xea6\xb6\x80\x1d\xaa\x8c\xf3\
\xea\xf4\x83M\xc3\xd4\xeb\x07\x18K\x11\xc6\xffwNf\
\x16Su\xd5~\xf4Q\x86\xf9\x99\xec\x18\xe5j\x0c\xeb\
\xf8/q\x1dG\xd72\xa8\xcf\x87Q\xbd\xee\x95.\xcf\
\xd2\xf0\xfb\xc1J\x15\xd7\x08\x92\xb8\x19\xec\xfc\xff\x1c\xda\
\xdfIW\xed\xcf\x16E\x92\x8b\xee\x81\xe4\xaeO\xc8\xd0\
\x93Sf\xdf\x00}\xed\x11]\xc7\xe5\xeb\xa3\xcdE\xe7\
\x03W\x95\xce\xfb\xe2\xdf\xcc\xeb\xd1\x1f\xf5\xbf\xcb\xd0\xfe\
z:\xf4\xa3!\x19~\xa1l\x9e\x15\x8c\xedwB\xc3\
s\x09\xda\x9c\xe9Y3h\x5c\xb1gmy6\x80\xd5\
\x0e\xa6\x16\x15t\xd9~\xea\xf3\xb9\x8d\xcb;\x04rP\
b\xed\xe7\xcee\xa92\x16\xce\xb2\xea\xf5\xce\xd1\xccb\
\x94&\xf6O\xf9m\x8f\xe4\xe7\x828\xc1\xed\x19>\xf0\
]\xa2\xf5Y!u\xcf\xd6\xad\x93s\xb6N8\xf7\xcd\
\xe8\xd8\xed\xfeD\xd3\x8e\xdf\xea\xae\xfd\xd2=\xd3&\xd4\
\xafV\xe6|\x8b\xae\xcf\x10\xaa\x13;\xb6\xe8\x19\xc3\x81\
8\xf6\xaf\xea\xdf\xb4E\x05]\xb4_\xe0\xdb>H\x9e\
\xef4w\x061\xa9\x84\xc6\x01eg\x5c\xa1\xef\xff\x0b\
\xed\xee\xc5\xc5w\xd4\x9a\xf7\x22\x99x\x9c\xbf(\xf2\x11\
\xc7\xb35\x18\xdbSWg\x18\x95\xc9\x80\xa2s\xca(\
\xfb\xde\x96=\x8f\x8c\xfc\xa9MuI\xbc7\xed\xda\x9f\
\x13\x10\xc5\xe7}3\x1a\xc3S\xc9\x99\xb5\x086\xc6\xa9\
\xae\xce@*\xd3\x07\xe4\xad\x0f\x17\xf6\x1c\x90\xe7\xd6\xbe\
\xcb0O<#if%\x8d\xb5\xa6m\xbf\xcf\x94\x9c\
\x87\x0bR=\xf6\xedb\xbd\x8e\x8b\xa8\x13\xae\x1f<A\
\xa6\x0f\xa0\xed?\xa0\x8bm\xdc\xe8\x16\xedj\xaarN\
\xa2X\xde\x07.\xe5\xf3\xbe\x0d\xe0\x91:g\x9b\xd2\xf1\
\x0c&\x8e\x09z\xe8\x0f\xf2\xfa\xc0\xe2\xde\x83s\xbd,\
z\xf4\xc13\x9aS\xdbw\xd1\xaa\xfd\x17\xa3\xa6\xf1\xdb\
\x8e\xe7\xc5\x0fir\xce\x85\xcbqx|\x92\x8f\xce\xdb\
\x8f\xb1\x84\xf8\xe7k\x83\xbb\xf5]\xde\xaf\xe9\xcf\x950\
\xae\xae\x93\x99\x85f\xf2\xee\xcf\xe6\x92\xe2\xb7\xbd\x1a=\
g\xa2\xd5\xd9\x9f\x07s\x96\xb0g\x0eu)\x0b\x87`\
\x0c\xe0\xe2\x96,\xe9=\xf8*\xe8<M0\xf7)\xac\
\xfb\x88S\x1b+\x8d\xfbz\xb6\xecY\xefp]\x9d\xc1\
|\xcc\xc9\xc2d\xdd\xc8\x02\xda\x09q\xdf$\xdcvh\
\xee\xfc\x1e\xfd\x07B\x99\xb4\xab\xff\x0d\x19\xd3\xb2\x83\xca\
m\xceu\x0b\xe6\xc7E\x10\x9e\xb5\xde\xa9n\x8e(U\
\x80q#.\xb9\xab\x7f\x1e\xb8h\xfb\xd99 \x1fx\
/\x9ahjn\x8cy\xb4\x90\xf7\x0eJ\xce\x96?\x01\
=\xf6\x09\xcc\xe7\x8f\x02\xc3\x15\xc59\xc7|Rn\xba\
:3\xacl\x9eT\xf7<qQ\x1b\xe94\xec\xff\x1b\
\xa1\xdf\xd7\x5c\xd0s\x00\x01\xbd\x87\x14\x17\x97\x81\xe6o\
\x15\xc6\x18\xafCs\x82\xf9\x01.q1<K\xe2\xfc\
\xab\xf0<\xb2:tX5p\xec\x1b\xf7\x0e]\x9d1\
\xf7\x1b\xfaE\xb3\xfeNmT9\x1b\xc8\xf2\xbe=\xc0\
\x1f\xb0\x9e\xfa@>/\x8d3\xb3|:\xa0<`\xcc\
\x82\x130>$Q\x99\x90{6\xdb\xd9\x9b\xd9:\xc2\
\x89\xfa~Z`L\xd0AN\xbc8\xe2\xcah@y\
^\x89\xf6m\xc6\x90\xc0\x9d\x87F\xbd\xe1\xf6\xac\x85l\
\xcc\x00\x8c/\x83\xf4@}\x12\xe7Px.\x805\xf0\
\x1b\xd6\xc7\xc1\xcc\x82\xdb\xe3\xcb\x12\xd2\xc0Y\xc1\xfc\xc7\
\x93{\x1b\xc0=C\xa3A\xd1\xb3\xe1\xe1\xb0\xb6\x0ae\
\xd7\x98@\x97\xfc\xc7\x01a\xeb\x17\xf6\x1a\xe8\x04m\xcf\
\x14\xf8|\xb24p0\xb5\x22\xaa\xf8=R\xb4\xa5\xe7\
G\x992\x80\x5c\xa0\x89\xe8YpL\x0d\xd0)\xb1}\
\x83h\x9b\xf94@\x9a\xf4P\xa3\xfd\x84\xc6\xe6\x8f\xd0\
w\xcc\x02-q\x95\xe6b3\xc6\xb1{\xd8\x0ff\xdc\
9\x18y4\xf8\xc5\xa5]g\xa5\xbaoN\xd1s\xc5\
\x95\xe8\xfb\x7f7\xb0v\xe3\x99\xe6\xe5\xd4\xe6R\xf4l\
\xbb$&\xc5 \xcaw\x19\x9f\xbf\xe2t\xffn\xf0\x7f\
O\x82\x8a\xd0\xe1+\x1aw#\xb5\x94\xdb\x9dGc\xc5\
\xf4\xa1\xbc\x91\xea\xa4\xd9\x01\x11\xacn\xcb\xb5\xd1\xc1\x94\
\xbd\xa3\xcc\xaf\x02\xcc\x06|&\xcd#\xa1\x8aM\x9b\xea\
A\xcf\x16\xca\xc4\xc1n\x0e\x98G\xf3l\x14\x94`\xbb\
\xf1\x9c\xe2\x11\xc00@\xcd\x22}5 ZZo>\
\x0d\xd8\xb3\x0e\xed:\xc9<On\xa9f|*\xc1\xb7\
\x1eK\xce\xca4\xa69\xd9\x93\x00\x7f\xe9\xa9\xcd\xf9T\
\xdeV\xd1\x9cJ5\xf8\xe7\xf2%\xb6\x87H\xf9g\xe1\
8\x1a\xb4\x11\x9c\x075m\xaf\xd9z\x1f\xcf\x02\x04\xc8\
\x8d9P\x83\xe6\x1d\x9a\x0d8Ls\xd7\xbf\xd2P6\
\xdeQ]\x0bs\xb2\xac\x06\x8cb\xe9,b\xf5P\xc9\
\xf7\xfc$m\xc7uIi\x5c\x7f\xd1\xdc3\x92\xfeV\
\x84\x1eUi\xff\x18D\xedA;i\x8e\xdbGt\x0e\
\xe1\xd6\x8a\xefi?~N\xd7\x12G\x01+\xa9<u\
b\xd7\x19\xfc6\xcb R\xb7\x0dj\xc8\xb0\x17\xc6e\
`\xef&\xf4n\x8c\xff\x9bf\x8dq\x18\xe0\xde\x10#\
\x22\xc0\xbd\x96$\xb0\x03\xde1\xb0\x83\xd8D\xf2\x02\xe9\
\xddXr\x17\x19\x89\xd8;1\x12\xb3/\xc6x\x05\xf0\
\xe2\x02\x8cW\x00/\xce\xc7\xb8\x0d\x92\x00\x0f\xf94\xd4\
B\x01\xbe\x98\xb0\xf1\x0b\xac\xd3\x08\x1bG\xa1!{\xcf\
#\xb5\xd8{>1\x11\x136^\x831{g\xdf-\
\x89\xd7 \xb9\x8b\xd9\xe604\xe0\x02C\x03104\
@\x03C\x03>04\xe0\x03C\x03>04\xe0C\
\xe1\x9d\xfb{\xb1\x8aw\x91\xe0Nd\xef\x052w#\
Z\x0d#\xfa\x19cZ]c\xfa:\x13\xfa\xe7&\x92\
\x7f\x96\xb4\x9dw\xe7\xfe\xddX\xd1\x9d\x86\x9f0\xa6a\
)\x8c%\xef\xabg,\xa9\x9e\x9f\x09\xfb\x1d\xe4)\xfe\
!\xb0\x04\x1d\xa0{\xe3y\x1a\xc2\x8b\x131\xa0h\x9c\
\x88+\x9e\xc1\xb8\xbf\x8by\x1b\xd7\xd3X\x9a\xb8\xaf\x99\
\x0a\x98\x0d\xa8U\xb8\xd7=\x93|\x88\xd7\x93\xa0\xa8\xa6\
W=\x83\x8f\xca\xb1\xefcL\x8de\x80\xdae!o\
\x90\xde|\x80\x02#6<V|\x9e\x18\xf3\xde\xaf\xe4\
\xd3(\xd9\xd9\xefC\xa3\xcf\xf3b\xce\x5c\x17\xa1\x11\xca\
\xd1'\x95*\x97\xa9v\x0e\xfe\xd1TV7\xa3P\x81\
>\xf9*\x9cK\x97K\xa3\xb2t\xb9\xb4\x96\x1f\xc3\xc3\
\xb9\x98\x98\x98\xc2\xbd\xb7\xccr\xda\xd7x1\x1ej\xd3\
\xb3\xbc\xd2s\xfd\x93~Vj\xdb\x9a#\xdc\x9b.o\
r4\xb9\xa55\x17\x13\x0d\xf7\xf6\x17\xd1\xf5\xffd\xa7\
\xd6VF\xd25\xe1w\xffSD\x9fZ\x80eB\x9b\
\xbe:4Jr\x9ee\xd0\xf4q*\x5c\x0b\xd5\x00\x9c\
\xa26\x01\xcc\xed\xde\xb70F\x88R\xdbPm\xaa\xa7\
kF#\x17o\xb2\xbd\xe0\xbc\xc1\xd2\x07m\xe5\x94\x0e\
\x0dy\xf9\xd5\x107\x00?\x16\xe6\x89\xb3Tf;\xd3\
\x88FI\xa3\xa7\xd5>2\x7f\x81$\x96\x06\xc0\x10\xaf\
E\xbd\x06\xb1yI'\xb5\xed\xd4\x15\xe8\xf0R`[\
\xdb\x0d\x90\xee\xad\xbb\xb6\xee,K\x1f\x89o\x9cf4\
r\xf1~\x1f\x1f\x10\xbc\xf2\xf0\xae5\xb5\xb9X+\xb1\
\xebb\x0c\x8a6\x91\xb6CI\x8c\xfdp\x829\x92\x17\
\xf6\x1c\xe0;\xa3c7a\xdc\x01\x8c\x93\xe9\xee\xa2\xa4\
\x9f\x09\xf2\xad\xa9F#\xcc\x81\x17\xc0\xc6#\xc1\x1cr\
+\x01\x8542\x80\xb8<R\xfa\x14\x9ec\xae\x11e\
7\xfc\x18\x9eA\x99\xda\xae\xb3\x90Fi\x80V\xca\xc6\
\xa2,\xef\x05j\xd1\x88\xa5Ma\xbc\x12\xa4\xd1\x0a@\
MC\xa2\x8f\xe0\x9cww\xc0\xdf\xb8o\x1f\xd4\xad/\
\xe3*\x1b\xc7\x86\xa1\xb1\x8dL\x94\xda\xf1U\x90\xa3\xc7\
\x80\x0bK#\x99\xb8\xf5\xcb\xf8\xb1\x5c\x10/\x01V\x86\
B\x9fH\xdb\xe1\x12Hh\x83\xf9\xc56\xf1}z0\
\xdf\x8d\x80>\x7fK\xe3~\x81\xfc\x8c\x95\xb3\xdf_\xad\
\xb2\x09?\xdeOQ\x1a\x89\x22\x98\xfb\xab62)I\
\x87\xd9\xfc\x80\xfcx/06\xef9\xb4.\xba\xee\xa1\
\xf51dw\xcc\xc2R\xa7\xcfR[\x99\x98\x10}\x00\
/\x8a\x89\xff\x81\xd8\x0f\xa8\xc6\xe6\xdcT\x12\x1b\xef\xc9\
\x5c9c\xb6(\xf2=K\x1b\x8c\x87r\x02c\xa1H\
\xe2\xc1 \x8d\xce\x1c\xde\xcd<\xb8ye\xf9?\xcf\x9f\
U\xcd\xc9x\xc0\x9ew\xc1\xf3m\x06\xd2\xaf\xea\x01\x8e\
\xcb\xf3\x0b\x0c.\xda\xcf\xd0G\xd2F:\x97\x99*\x89\
\x13\xc2\x93\xa3\xa7\x9e\x8bj\x03mV^I\x8a}\xcf\
\xc5J\x91\xc4\x8b9\xc2\x5c\x06d\xdc\xb9\x81\xf1b0\
\xff\xd3b@5]\xe7\x9a\xd4\x826Uh\x1c\x11\xb9\
~\x93\xe1\xd0\xcfx\xb9\xe18l\x03Tfe\xc8\xb2\
\xb3\xf2\xb5\x19\x1bK'\x92\xdc\xd9\xb8\x95\x9c\xbf(\xae\
\x0d4Y\xc9\xe5\xafD\xdc\xbap\x8a\xc9L\xbd\xc3\x8f\
'S\x84F%%G\x91\xf6#I\xb4\xcd\x10>m\
*\x01|\x01y\xca|\xea\xd1\xafx\xb2l\xac\xa5'\
\x80\xd6\xaa\xfa\x1a\xfe\xca0\x18g\x87\x8d5\x024A\
\x1a-\x07\xbc\x04\xecyt\xef\xd6J^\x8eL\x854\
\xd2\xa7\x1c\xfd\xef\x8bz\xd2X,\x11\x851\xb70\xf6\
N \xe0\x95*\xf9\x05\xe5\x8c\xd5\x81\xea\xf8b^8\
\x96\xc4\xcf\xbfY\x13`uI\x1cW\xf7Y\xd6\xa3\xaa\
\xd0\xf6P^~\xb2\x12\xa5Q\xa4\xbd\x84\x1eQ\xf62\
}\x0ac\x96l\x00\xbcU\xe7\x5c\xee\xe4\xb6\xd6|\xfa\
\x9c\x05|\xaa\x8e\xaf\xe6\xb5S\x87\xf84\x220\xf6\x10\
\x1a\x9b\xaa\xba\xaa4\xd2\xb4\xaf}[\xbb6K\x83\xe8\
~T>\xec\xe5\xc6\xb1\xc1\x98E\x8e\x80\xeb\x9a\xe4\xa8\
\xe4\x9d\xdd\xe7\xe6\xfaN\xea\xfa\xb2\xf2\xe9s.~\x1f\
?G\x5cu}\xc8Q\x8c\xe3@\xb2\xac\xdf(\x16\x0a\
\xf2\xbc\x9a\x00\x9a\x01\xa6\x02N\xaa*3\xf2d\x08c\
\xbe\x09\xe6\xb29Z\xfb:?\xbc\xaf\x11\x8dT\x95#\
\x8c\xfb \xeajO\xc6\xb4ho\x14j3\xf4\x0bJ\
\x8bv4\xe6\x8f\x1f`\x1f\x8d\x81S\xa0u\xfc\x0b[\
\xf6\xfc\x0b_\x86\x0eb.\x03m\xc7\x00A\xaeA\x9d\
\xca\x11\xd2\xe7\xe0\x84\xe9$\xd6aF\xcbu\x83'\x9c\
\x85vdR=\xef\xad\xaec\xe4D\xca\xc6\x87@\xdc\
\x03|\xaf\x8bqR_r\xc4;g:\x06\xcf>\xac\
\x1d4\x9e\xd1\x07]\x14\xc4Q\xc2\xd8\xa2v\xba\x9aK\
\xf4!G\xbc\xb3\xb8\xd3\xb9\xf3!\xfa\x88\xaf\xc4\xd7\x17\
g\x98K\xfb\xd8{\x80N\x0d\xa3\x9a\xd2H\x91\x1c%\
\x16\xc6^ZR\xe8??\x9dY5`\xac\xdeh\x84\
y\x1ey}l\xbd\xaeu\x12M\xfbZ\x91\x1c\xd9.\
2\xe7\xd6\xf7\xf3\xedr\x07&L\x93\xe6\x00\xd3u\x9c\
*zF\x97\xa3\xcfq}\xe8\xb4\xba\xe8k<\xfa|\
\x03\xb8#\xf4G\xde7n\xaaV\xb1:\x8a9\xc3.\
\x1d\xa3\xf5\xa5\xf7k3f3\xb2c\x0f\xc6\xf6y-\
\xcfW}\xf7\x98\xc9L\x8c\x0e\xe3;I\xc7\xa0\xc2y\
^\xafq>4\x95\xa3\xb3\xf3\xc3$\xb4q\xf14\x82\
\xfbre\xfe\xfc;F\xbah\x1c\xefD\xc99h\x8e\
>z\x8f\x03\xa3\x89\x1c\xdd\x17\x1f\xe7d\xa7\x19\xe0A\
qg\xfe6\x0fs\xd4)}x\xf1\x22\xdf\x93\x12\xb8\
\xd4\x95\xa3\x8c\xabW\xc8\x1e\xf3\xeeH\x9f`\xd5r6\
z\xe8L7bc\xaav\xb3\x97\xc6\x12,)\xbb\x95\
:r\x94\xc70U\x12\x1c<ZC\xdb3\xd4\xc9\xd3\
\xac\x8b9M0\x87\xe5\x93\x12\xbcT\x92\xa3\xf4\xd4\xb7\
\x19\xd7\xaeD'\xb9\xce<\xa8\xee\xd92<c\xaf\xed\
x\xcd\xe5\xfb\xa5k\xd5W%m\xffTJ\xa3\xf4T\
&+\xf5\x0ese\xfd\xd6\x82D\x17\xef\x02]\xe4\xa7\
\xd52N\xdb\x93\xd2\xb0\x9f\xcb\xedk 7Y\xa9w\
\x99k\xdbv1G\xb58\xab\x89q\x0a0\x7f\xa96\
\xf4YTH\x9f\x9b\xa5A\x1f\xd4o\xce\x86D\x92\xfb\
\xc7O\x90\x8c\xebW\xc8\x7f\x0c\xf3I\xc6\xf5\xab\xcbA\
n$\xb4\xd1 O\xbcP\xbf\xd6Tw\x14\xc8O|\
I\xd2%\xc1\xd9\xb3H\x0c\xa88\xbbQ\x04\xc6b\xb3\
\xa4I0\xde\xe8\xf0\x9c3\x9es\xd7D/\xe2l\xf6\
\xaemX\xfa,\xd3\x07\x1d\xf2\x82<\xe5\xc4\xff\xf2\x96\
\x8d\x8d\xe5\xe4\x85\xba\x1f\xfa\x15\x07\xa93O\xa9\x13\x13\
\x06c!haKD\xbf\x85\xa9\xfa\xa0O\x86\x7f(\
y\xbdh599e\xb6\x90N\x95\x01\x0d\xe8\x9aa\
\x19\xf5\xb3\xd6[\xbc\x08M\xfaY\x14\xdd7t\x91\xc4\
\x92\xef\xa2k\xdat\xfd\xf6[\x92\x0e\xf4a\xd6\x1d0\
\x12O\xf2i\x99\xe0\xec5\x1a\xea:\x8d\xda(p\x1d\
~\x1b\xf0_I\xc5\x16\xda\xae\xe6|&\x893\xc5\xda\
\x11\xaf\x03\x1a\xe8|n\xa2\xfb\xaeO\x83\xa2\xbf\xb8=\
k\xe1Y]\xc7\x90P;\x1f\xba\x06qIi\x0ef\
\xdcG\xad\xa4k\xfa<\xf1]\xc2\x8fK\x93y\xd7'\
Dg\xb1\x154\x8d\xc9\x81\xeb|U\xc7j\xf4\xed\xf0\
0\xef\xce8\x9aYL\xd1U\x9c*\x05\xfezx\xb6\
\xff\x05\x97\xc3\xbc\xa4\xe3\xb6\x09\xc7j\x5c\x9fE\xa8@\
\x1f\xf4\xebpk\xdf\xe5\x09\xd0\xc7T\x1f\xf4\xe1\xe5\x8c\
\x1f\xc8\xe5\x88\xe4\xe2\xba\x9d\x9a2\xa7\xd4d\xe87\x15\
b\xbc\xf1r\x1f\xc5:\x98\x9aW\xd5\x8b\xfc\x14\xd2\xc7\
\xafh\x0c\x8f%\xccY7?\x83\x96!\xff\xce\xb6\x05\
N\xad-\xa7`L\x0c\x17-\xe3@)\xe9[&\x80\
\xfd\xf2\xce:b\x1c\x83\xf3\xd3\x03\x0cr\x1cB\xdb\xa1\
\x97E\x0f\x8c\x91\xd7D\x17\xb1\xa2\xf8\x97\xd5\xb7M\x85\
g\x893\x14\x9d\x07}\xe4\x1f\xc6\xa4\xcc\x08\xd2{\xcc\
4yv\x22E{\x1f\xdc\xbabj\xfb\xce\xe1\xad?\
\xff\xdaH\xd7\xf4\xc1s\xad\xcf\xfc\xa5\xe7J\xdd\x8a;\
G\x8b\xbe\x9e7\xbc\xe71\xc9Z\xc4\x11\xd6\xf5\xfa>\
\xa0\x8b]\x8eSk\x8b\xb6\x5c\x8c=\x976:\x8a\xb3\
(\x1bk\x10\xe3n\x9dR\xf5l1\xce\xff%\x15\x8f\
\x13\xfb\xd8\x81\xf1\xd3\xe4\xda\x880\xf68\xf4\xad\x15\xdd\
\x1b5\xad\xe8\xa4c\xd9y\xe4/sV\xd8\x89?o\
\xa9\x16{I\x12\x87\xabd\xc6i\xf9q\x1a\xe7u\xef\
\xf7hr\xdbNf\xd0\xbf\xa4\xe7\xc3t3&\xcb\x9c\
\xd5\xfe\x1ep]\x933\xf98&a\x1c\xc7c%\xd0\
\xdf\xb6\x0cw\x92\xa1\x0f\xc6o\x9cc\xdd\x07\x13m\x1a\
Ml\xd5\x11hc\xa5\xeb\xf9\x0aQ\x1d\xcfjj\x1b\
\xbb\x00\xe36\xe9SO\xc2>\xb6k\xf4d\x19\xd9Y\
\xd0s\xc0\xefn\xed;7\xc0<\xb0\xec\xb8\xf3\xbfn\
\xda\xad\xb1D\x91$'h\xa90\x16\x8aH\xdd~\xa5\
\x08\xe9~\x92Xg\x9a\xc4\xf8R5O\x02\xa7+\x86\
\xda\x0c\xcd\x05\x9d\xa7\x7f\xa8\xcd\x10\xb6m.Z\xf6+\
\x8c5\x92\x15\x10\xc9\xd7\x03\xab\xd03v\xaft\x1a\x0b\
\x0d\xe67\x8c\xf7\xa4\x0fY\xc2\xbd\x0e\x1c\xa3q\xad\xb5\
\xb0\xe7\xc0\xc5C\x7f0\xab8\xadC\x176v\x86\xa6\
\xf4\xc9\x0a\x90\xc4a\x91\x137.\x92\xc6|\xd0K|\
\x14\xd4'\xafx\x04\x81\x1e\xa0\xbb\xd8\xaa\x1c}`\xad\
\x15\x17\xd0\xc5\xf6\x0b\xf4Q\x83\xb9\x8b8\x9a\x99\xabL\
\x8f\xc7\x011\xb0\x96\x0a\xe7\xe2\xaa\x91L\xd9\x98\xb1\x95\
\x01\xbd\x01\xc9%\x15G\x06\xd7o\xa8wk\xdb\xe7\x92\
\xa8o\x03\xf4\xad\x1b\x0b{\x0eh\x094bs\xf6M\
\xef\xd0\xb5X\x9a\x9cs\x0b`\xe3\xa9(\x88\xad\xc8\xc5\
T\xe9J\xc7\xe1\x17%\x1d[\x0c\xfb\x1c\xeaK\xe74\
\x8c?\xc8\xd1g\xebp\xa7\x7fCz\x0e\x1c\xb0\xa0G\
\x7f2\xabs/2\xc3\xbc\x1bql\xd3I\xad\xf9(\
[\x12\x07\x05\xe9\xd1\x90\xd2d6\x8d\xb9\x93[\xda1\
\xd8\x1eS:\xa1<q\xfaw\x82J\xb4\xf1fm\xae\
~\x9dm\xdf:\x99Y,\xe1\xce\xa2\xa8\xba\x96\x10\x9c\
IYD\xf5\xe0\xfb4F\x92\xc1\xc5\xaaCy\xc2~\
w\xc5#\x98\x1d\xc7\x8f\xba\x14\xd2J\x08.v\xe7\xfc\
\x9e\x03\xf8\xe7\x06\x97\xf2i\xe4df\xa9*}p}\
\x99UFb\xd8I\xf5K\xcc\x9fp\xddk.s\x01\
\xe4\x0ac\x1c\xe2\xba\x05\x816\x953n\xbe\x7f/\xee\
=\xe8\xad\x9c\xb3\x9524r.>\xce#\xa7\xcfL\
\x06<+K4\xca\x16\xc4@D\x9a!\xa0|\xfd\x8f\
\x99\x0b\xfaA\xfb\x97P\x9a\xc8\xa3Qu\x8eF\x8e\x1d\
m\xe5\xeb6\xb2\xf1\x96\x8c\xe0\xde\x17p\xb3,\xd1H\
\x0e0f\x5c\x8b8\x87\x19\xc4\xc1\xcc\xbc\x1a\xa5\x85<\
\x1a\xcd\xe3b*(\xb3\x8b\xc9\x99\xb3~\x02\xec\xd6U\
<\xe4\x92\x8c\x1d\x09X\x0c\xf8\x02\xdb\x81q\xa1\xa8|\
(\xa2\xd1c@3U\xe2\xe7g\x88\xc2\x844\xc2\xb8\
u\xee\x80\xb42B\x9b\xf3\x80\xfe\x80\x8a\x5c\x1br\x82\
\xa2\xf8qI\xaa\xc9\xe9k\xe9\xe8/_\x9c\xfcH\xf5\
\xc3\xe1\x87H\x0e/\xder\xa6$\xa6\x9a)\xd5}\xfe\
6P\xba<\x06\xcc\x054\x10\xf6\x83\x1c\xa8\xbf v\
\x0b\x8e7\xf3\xa9\xdcd\x00<\x01\xc6\x928\x8c\x96\x9a\
\xae\xd19\xdb2\xc6\xa9=\x00xi t\xc9\xa1\xe7\
\x88\xcd2E\x11Fl=\x83\xa2\xe4\xc6\xads\x855\
\x04\x8fF\x95h,\x17\x94\x9b\x8a\xdc\xbf\xbb7l\xad\
\xde\xda+(\x9a<\x9a[$&\x1f\xc6\xa8\xb7\x05l\
\x07<)\x05\x9a\x14P\xdd,\x82\xc6\xd4\xad([\xbf\
pv\xafI\xde%?\x0e\x10\x8d\xe3\xac\xc5\xfa\x9d\x8b\
\x19*X\x7fT\xa6y\x1c\xd0\xbeq\xb6\x04\xfa\xdeS\
:'Mac\xb8\x06D\x1a\xc9\xd0\x05\xd6\x8c\x19\x1e\
\xc5\xc7:\xb4\x9b\xf4ia\x8cKzw\xfb\xbe\xa5N\
\xecb\xe9A\x8bIf\x90\xdcX\xf0\x9f\x02\xaci<\
\xd8C<\xdd[\xd3x\xf8\xefh\x0c\xd1\xeb4\x7f\xd4\
\x14:\x06V-\xf2mj\x037\xa4\x0bc\xaf>_\
?\x99\xc6#\x8d\x90\x17\x13\x13\xed\xad\xf6\x00\x1f:\xae\
\x9f\xa0\xf1\xb5\xff\x04\xbc\xe6\xd1-\x9f\xda\x8f\x9eP}\
+\x9e\xc6\xf8u\xa3k\xbfo\xb8\x98\xb7\xc28\xa8\x92\
\x18\xb0\xe1\xfak$\x8d\x93\xc9\x86u\xac\xc5+\x9b\xf0\
\xcal\xacLF\xcc/\x07J<\xe5\xd8\xb25[\xc6\
\xf8\x99\x8c\xa8![\xb6\xe6\x95\xd9\x0f\x88j\x11\xe9\x07\
D&D\xfa\x01\x82e\x91$('1\x86\xb2\x98-\
\x17\xb0\xe54\xb6\x9cO\x8c\x04e6\xc6&\x0d4\xc9\
\xc6\xd9\xa411\xd9X\x9b\x5c\xfcJ\xb6\x12\xd4\x9f\x0f\
\x83vr\xf1*1p\xa7\x88\x96\xd3\xa4q)\xd9\xf8\
\x9b\xd22C\x8c\x0a\xcb\x22RX\x16\x93\x00i9\x8d\
t\x92\x96sI\x03i9\x8fT\x97\x96\x0b\xdd\x83\xb9\
\xf8\x9c\x94j\xfc\xb2\x88W\x16\xf3\xcai\xbcr.\xaf\
\x9c\xa7\xa0\xcc\xfb\xfb<\x22\xbf\x9c\xab\xa3r\x1a\xaf,\
VP\x964\xcb\xa8HY\xf2\xdf\x8dIa\x0cQ\xb6\
L\xab\x89\xf2\xc0}\xcaD\xc2/\x89\xe4Hx-\x91\
(V\x1e\x94\x97k\xf1\xca&\xbc\xb2\xb1\xa0\x9c\xcb+\
\xe7\xf1\xca\xf9\xbc2\xad\xb2\xbb\xb1D\x96X\x17@\x13\
\x89\xfc\xe0_\xe4\xd7\x92\xd6\xbf\x16\xdb<I\xbb$\xe2\
\x87qH\xc7\xb3r\xcd\x8bC\x1a!'\x0e\xa9G0\
\xf9kn\x0cIp\xf6j\x9e\xe8\xec\x15\x05H\x03\xbc\
\x03\xbc\x04\x9c\x058\x01j\xf0c\x92\xa1\xcf\xe1\xc7K\
7\xd7a\x07wr\xd53\xd8\xe2\xa8\x8b7\xe6\xf3\x94\
\xe7\x1b\xfe\x92\xfa,\xd6\xe5xp\xd2y\xeeG\x1e\xe8\
\xcc/)\xb2\xf9\xe3\x80\xf0\xf3\x0ab\xa9q@\xbel\
\x00|\xfe\xb1\x1f\xe8\xdco.\x0auz%\xf1\xec>\
\xf2@\xbf\xf4OW!\xa6\xa0B\x1e|\x1c\x8b\xb4\xa6\
\xff;\x15\xe3:\xf2\xe3;~\xf0\xfd\xc0\xa1\xb5\xb9$\
\xd61?\x1f\x83\x99\x15<[\xa8K\xffW\xf2\xf6\xc8\
?\x8eE\xca/\x99\xfcO\xbc\x98\xca\x92\x9c\x18\xd6\xea\
\xd0\xff\x9c\x22?\x85\x8fc\x91J\xf47\xa11.\x1b\
:\xf3\xf2\xb4\xc4t\xef\xa8*\xfd\x9d\x14\xd9;?\x8e\
E\xca\xe9\xef\x22\x19{\x1cil\xb6\xf3\x80\xb6\xec>\
X[\x18\x87\xda\x16\x1fc\x9c\xd2\xbf\x06\xb5\xc9\x14\xe8\
\xaa\x1f\x94w\x1eL2\xed\xc4\xb7s\xef\xe4\xed\x95\x1c\
\x07|[\x5c^:9\xfb\x00uinB\x1d\xf1\xc0\
\x93\x9cr\x99Wny`\xd3\xfb\x7f\xfc\x98\xf1\xa7\x04\
\xfby\x9b\x01\xb5\x8a\x8b\xff-g\x1f\xe6s-yP\
t,r\x9cI\x12\xa7\xcf.w\xf4w)\x1c\xe7\xf1\
<\xc1C\x01\xfd\xdf\xd2\xdcd\x15\xa4\xf1F\xdb*\xf1\
]\x90\x8d\xa3\xcd\xf1\xe0\xbdV\xfd\xc0\xc9\xeb\xf3\x04/\
?\x92\xe0\xe1K\x0e\xc5o5\xa8\xb8\xd1\xba\xb8<-\
zp\xbe\xd4\xbd\xe5\xc4-G<\xe5b\x06;I\xf2\
\x07\x90\x09\xa6V\x0al\xfd\xe1$\xcb\xd1\x9b\xcf\x03\xed\
\xc7\x22\x17\xef\x0d\x09\xb3\x03??\x12\x12Bb\xd7/\
#\xb1;\xd6\x96\x1b\x1eD\xd8\x0df\xe37\xf7j\xfc\
?2\xc7\xba\x8f\xbf F*\x1fg\x00\xff\xa7\x8a\x1f\
\x18\xcb\x03\xf9\xfd@#\x1e\xc4\xfb\x07\xbd\x8f]\x13\xbd\
!v\xcb\xca\xcf\xa5\xb1\xd31\x0e\x7f9\xe0A\x94\xfd\
H\x1a\x9btD\x8d\x08\xbba\x09x&\xd7\xa5hL\
q\x0eK\x9cx\xfb\xcfS\xda\xb5\xd3\x84\x07j\x8dE\
@{\x06h\x8f\xb1\xb5\x0b\x00\x1b\x00R\x1e\xc4o\xf9\
\xa5L\xd3>\xd2N&6w\x07\xc03<[\x86q\
\x97\x14\xd0\xff\x19\x97\xa3\xd5\xbdq\xb7b}!\xb5\x1d\
\x8b\xa4\xb4\xdf$\x8d\xfd.\xc3\x83\xc3\x1b\x96\x95q\xfa\
Kh\x1f\xdd\xdb\x1c\xef\xf3\xf9gg\xdd\x8b\xe6g\xe0\
\x10\x07\xa8\xc3\xf5\x01\xb7\xf6\x16\xc5\xf3@\xcd\xb1\xe8\x8a\
g0\x93\x80y\x09$r/\x04\xf2\xc0?~ut\
\x99\x1e\x7f\x22e\xe3\xd2\x7f\x07\xb8%8\xab\x22\x8cu\
\xcc\xe1\x0d]\xa3I\xe7b\x95\xd6\x04\xb2y\xdb\x15\x8f\
E\xa2\x08\xe6\xde\x8a\xf5\xcc\xc9\xdd[\x99\xb8\xcd+\xe4\
\xd1\x1f\xb1$v\xd32\xa3\xb2J\x7f~\xce\x84\xf0\xfe\
\xec\xddO^\xec\x5c\xff\xce\xb6\x18\xbfB\x1e\x0fpm\
\xfc5\xe7g\xe3\xac\x82\x1f\x1b\x9b\x176j[\xb1c\
Q\xea\xca\x0d\xcc\x95\xa4X\x99\xbc\x01\x02\xda'\x1e\xde\
\x10\xd3\x18\xf3+\xc4o^Q\xa6\xc7\x1d\x8a\x96\x80T\
\xb9\xb1\x88m\x86\xb21\x0e\xe4\xd0?\x1f0\xcd\x99\xb5\
YX\xa8|FRI?(\xe0\xd3\x1e\xf36py\
\x09\xa4<\xd8\xb0\x8c9y\xe0W\xe6\xde\xd5\x0bk\xff\
~\xfe\xb4zNZ*\xc9zx\x8f<~\xf4\x90\xe4\
<\xbcWfh\x1fe7\x8cO\xfb\xea\x80\xcd\xca\xce\
\xc1K\xc6!\xb9:\xe9\x05\xc0W\xea\x9eo.\xc2\x83\
\x00\xe0\x81(r}\xea/\x1b\xde\xf3i\xcf\xcf\x0d\x81\
<8up'\x93\xf6\xc75\xcc\x0f\xf1&;\xed~\
\x18\xa0\x06?FYY\xe0\x01_\xdf\x89\xb1\x1dn\x04\
\xf7i\x80\xd7\xc5\xc5t\x9f\xd3\xa9\x8f<\xfa\xbf\xe5\xe6\
\x01v\x1c2\xb5P\x8f\x07\x11\x1b\xd9{Z\xd8*\xf2\
`\xd9\xda\xbaW\x12c\xd7\x03\xbd\x0b\xf8\xb4\xe7p\xe3\
\xdcq67\x87 \xff\x84\x0c\x0f\xb0\x1f\x18\xf4:\xcb\
v\xa8p\xdc\xe9\x0b\xc8V)\x96l\xef\xc1\x18KD\
\x1e\x0f\x129\xdb\x90\x8b\xa9\xb9Z\xf5\xe1\xf2\xb1\xa7\x87\
\xad$\xb7\xb7\xee \x97N&~\x0e\xb4.\xc2\x83\x9b\
\xe7O0\x8f\xee\xff\xc1\xa7=\x9f\x07\xa1B\x1e\x18Z\
?\x88\xb1\x19)/\x9e\x7fW\xc0=ub\x01\x05t\
\xb1\x937\x17cl\xf1\x9e\xea\x9c\x8d\xe2_\xe9KV\
\x90\xe3\xf7.\x93\x94\xe48.\xdf\x81\x90\x07\x89\xe9w\
nl\x90\x93[Da?0\xa4\xb1\x08\xd6\xb3de\
\xfb\x96R\xba\xffb;\x0e\xef6\x80;\xea\xc6;\xc3\
\xb8\x04\xd3;t\x95\xd7\x07\x96q\xb6\xb9V3\xfa\xaa\
]\xc7K\xe2\x04\xb2g\xc3]~\xce\x09\xe4\x81?`\
)\x8c\xfd\x8d\x9fe=B\xdaF\xca\x89aj\xb0c\
Qt\xdf\xa1\xd2\x5c0\xbc\x1c\x1f\x98C\xc8\x09\xf0X\
\xd3\x98\x8e\x81]\xe5\xf6\x81?\x00\x8d\xb4\x893\x82<\
\xe0\xe7\x8e\xb9\x91\x1cK.\x1d?b\xc4\xe6F\x91\xd0\
\xb4\x96\x0a<(\xf5\xb1(\xba\xefp\x12a?B\xde\
x\xf3=`\x05\xe0\xa561G\x15\xe4\x0a\xc3\xf5\xd8\
pg\x15\xd7\x01\x8a.\xcckt\xedX\x22\xd2]\xca\
\x87\x94\x13q\xfc\xf8\xa25\xd5\xed\x07\xfa\x1e\x8b\x22{\
\x8e&\x91\x03\x07K\xf5\x9a\x88\xa2t\xff\x120Y\x93\
\x5c6J\xe22\xc9\x1b\x83V\xbb\xb4\xb14v\xd1C\
\x1c\xab\xb7\x97\xeek\xc5\x03]\x8dEa@\xe3O\xdc\
\xe7\x15\xd2\xd6v\xb8\xa2\x5c9\x15\x01M\x01\xd3\x01g\
t\x9d\x03e1\xe8Br\xf2R^\xe3\xd6\x02\xba\xbe\
\xb2\xd2\xef\x0bc\x11\x97\xf8Xt\xc4\xc9\x83l\x1e\xe6\
H\xb6\x8epf\xcf\xf0\x17\xd2z\x18\x97\xff\x0cs6\
\xb5\x02\x8c\xa79\xad\xee\x03\xde\xeb#/F\x04\x8dK\
/G\x0f\xea\xa6\x0f\xfas<\xd0\xb6\x1fh3\x16%\
8y\x92\x8dC\x1d\x10\x95\xa2\xecGX\x01\x1d&\x00\
\xdc\x01!\x80\xed\x80\xdf\xa9.\xffN\x9fym\x94\xe4\
\x90B\xcc\xd2\x17\xfdK{,::\xd1\x13s+\x91\
#\x8e\x1e=\xa1\x1fdG\xe9 \xcf\x946\x08\xb5\x19\
\xca\xea\xa2\x82|\x8b;\xd0wH\x9f\xf4/\xad\xb1\x08\
\xf3[Q\x1f\x00O\x8c\x0b\xae\xeb<\x0e\x9a\xe5\xe7)\
b\x93\xb8\x8c6Q}\xebx\xa51\x16\xd1\xdcY\xd2\
<\x12\xc8\x03\x18\x8bJ\x8d\xf6\x0a\xc6\xa0\x1c@GR\
BWI\x8eE\x09@\xfbxg\xaf\x0a@\xfb_\xf8\
\xf1\xf17\x0c\x99X\x8acP\x91\xb5\xc0k\xc0\xe8\x92\
\xa2\x7fI\x8dEI\xa0\xfb\xd0\xb1\xa7* V\x18\xd3\
y\x9d\x06\xb1\xd3\xf5\x90\x9f\x87\xcd\xb1\x02\x08*\xc9\xf5\
fI\x8cE\xc7\xc69p\xf4\xff\x1apS\xe8\x9b\x81\
\xb9\xea\xd6\x0c\x1aW*c\x90\xa8\xab\xbdp\x0e\xd8\x5c\
\x1a\xf6\x16}\x8dE\xf1\x93=\xf81\xf7-\x01/\x14\
\xc5A\xfbe\xc0\x98\x12\xa7?/\x7f\x05\x07qi\xd0\
__c\x11\xe6\x8e;\xe2\xea\xcd\xcf\xcd\xa80\xd7\x0c\
\xc62\x5c\xd1\x7fti\xcf\x01\x7f\x94\x96\xcdQ\x1fc\
Q\xa2\xabT\xf6\xab\x00\xf6\x14\x17\xb7l\xcf\xd8)\xcc\
2\x1d\xe7\xa9+.\x06\xbe\x97E\x0f\xfe\x1c\x90]\xda\
6w]\x8dE\xf1S\xe6\xf0\xc7\x9e\x96\x80\xc7\xaa\xe6\
{\x89\xd6q\x1e<e\x98#\xbb\x0e\xf8\xa7\xb4\xe9\xaf\
\xab\xb1\xe8(G{\xc9\xdak\x8e\xaaq\x0d1\xcf\x1e\
\xc6\xe5-\xa59\xf8\x8d!\xec;\xe9b,\xe2\xe5\x9c\
\xc5<7\x97\xd5\xcd\x9d\xb5~\xc8\x84\x12\xa1\xff<\xd9\
u\xd8{b@\x976<\xd8m9\x80$\xb9\xb0<\
\xf0\x04\xe4\xab\x1b\xdf\x13\xf5R}\xe6\x07V\xa0\x03\x15\
\x18\x12\xfd5\x1e\x8b\x1e\xde\xabqq\xd9\x1a\xa4\xfd\x0f\
4\x8f\x91F1h\xf7\x8ds\xd3Kn]\xa1o\x04\
/\xcf\xee;C\xf3\xfb\xd0h,JO\x0d\xbd\xb5\xff\
P}\x18\x83\xd6h\x1b#y\xa7\x9e\xe7c\x9a\xe7\x86\
\xa3\xff+b\xa0\x97\x9a<\xc8KY\xb7\xe5\x04\xd0\xff\
_m\xe9\x8f\xf3\xf1\xa6a\xfa\xb3\xd5\x85\xc9\xda\xa2\x9f\
\x19*\xfdU\x1e\x8b\xd2S\x99\xbbIG\x19\xb1g\xa0\
\xd6\xf9\x19\x13\xa5\xf1zg\xb0\xb9\x1c\xf4E\x7f\xf7\x8e\
R\xfa?0d\x1f\xb4b\xc7\x22\xa0\xfd}\xf1q\xe6\
\xb8\xcf\x5c\x9d\xd1\x9e?\x17,\xd3\xc3\x5c\x10n;\x94\
=+@\xe9\x7f\x8e\x94\x81\xab\x08\x0f\xd2S#p\xcc\
A\xb9\xd7\x07\xeder\x94\xdb\x8d\xd0'\xfd\xf7\x18:\
\xed\xe30\x97%\xdat@\xbf\xdfe\xde\x97\x5c\x5c\xb1\
\x8e\xfcq(\xf6\xeb\x94\xf5[N\x89=Ez\xa3=\
\xb7.\xd0\xb5\xbdZ0\xfe,5D\x9aK\xed\x98\xae\
\xb2\xb9V\x93\x5c\xbc$:&\xea98\xd7\xea\x91\xf6\
\xb2\xb9DG\xebt/\x18mpN\x12\x7fhWC\
\xa2\xfbQG\x0fra\xa8\x0bK\xeb\xf8\x89\xd3\xa4t\
O(\x5c\xd7z\x00\xfe(\xe9\x1co\x9a\xe6\x04V\xac\
\x7f\xb2\xfe@\x98\xe7\xb5{i\xd09\xd9u&9\xea\
\xe2M\xe2\x9cf\xca\xc9',\x03\xb4c\xb6\x00\xcc\xa6\
6\x85\xfc\xd2\xc8A(\x19\x87\xc6\xeb\xcc\x1f\x8b\xae\xbf\
n\xe3\xf9\xf9\x92\xa6}\xa6\x7f$\xb9\xe1=\x8f\xdc\x9a\
9\x9f\x1c\x9f\xe4\xc3\xa75\xee\xd7~B\xf7\xad,\x00\
n\xd4\x86\xfc\xb84\xf3\xd0\xf2s\x1f-\xeb;J\x97\
\xf6\x87X\x8c\xe5]\xd2\xf4\x7f<u=\xb9\xe69\x17\
\xe9_\xe9\x98\xeb\xcc\x9e\xd4^\x13L\xf7\xcaq\xbf\xf6\
\x06\xdd\xb7*(m\xba\x0b\xb1UK;i\x94$\x1f\
\x1cw^{\xa1\x93i\xa7\x12\x1f{\xf0\x1c\xc7#\xff\
0\x8cklu\xddk^\xf6\xb1\x12\xce\xb3\xa8\xdd\xba\
\xcc]\xab}K\xa4\x7f`\x17;\xa4}\x1e`\x90\xbe\
\xfd\xdf\x14\xd1\x9fb\x02\xf0\xa0\x00s]\x96%\x1e\xec\
\x1c=I\xab\xb9x6\xe6\xc8\x96\xc4L\xf9\xbe4\xe8\
\x9f)\x92\xe6\xeb\x9a\xc1\x9da\xbd\xe9=\xbf\xcc\xf0\x00\
\xe7b\xf4\x9f\x88\xd0h\xed%\xc9\xc1\xeddf\xb1\x17\
h_\xa5\xa4\xe9\xffhN\x14?N\xff\x22\xfe9\xe2\
?f.`\x92'\xcd*\x13<\xd83f\x8aF6\
\xd2%}\x06c\x9e\xdd\x02\xa0\xff4\xa4\xfd\xb4f\x1d\
J\x94\xfeO\x17\x84\xf2\xf3$m/\x92\xe3r\xd6B\
\x06t\x22\x83\xa7?\xe6\xc4F}4B3\x1f\xc4L\
'I\xbc>\x95b\x11\xe8t\xec\x91\xcd\xf5\xfb\xbb\xbc\
x\x12\x98\xb3\xfed)\xe6\xac\xd7e\xdev!\xfc:\
\xdb\xb06\x1f\xc0'\xaa\xe6\xd3\xd1\xd3\xdc\xdb\x8a\xe6v\
\x91\x9b\xbf\xe2\xc1\x9c\xc5l\x9e2\x83\xee\x030\x0f\xa8\
\x92\x17^0\xf6\xbfu4\xb3\x18\xc7\x8e\xfb\x0c\xd1\xea\
\xfc\x97\xdac\xbfo\x18?\x0f\xd9\x04\x9a\x1bCa\x0e\
\x914\xbf\xa5%\x96\xbbYS`\xbe^Uu\xa1\x90\
^\x83p\xdd{\x0d\xe8\xffMaN\xbb\x92\xa3\x7fV\
p8\x97_\x04\xf3\xf5lT%\x8fK\x86\x7f\x18s\
i\x86HY\xac\xb3R\x05\xfa\xf3\xaa\xba\x1e\x08\x90\xe8\
\xfdA\xcc\x920\xa2J\xae3\x9d\xaey\xfd\xc3\xf9y\
]\x9a\x02RU\xcd\xa5\x83\xf9\x00\xafy\xcd5X\xfd\
t\xeb\x08g\x95l\xce\x9e\x16=\xd2\x1cL\xcd\x7f\x96\
\xc6\x7f(A\xfa\x0br\xf8L\xd7$\xaf\x11\xe6l>\
>\xd9\xc7\xe0\xe6\xe1\x03\xe3\xa7\xb19\x8d\x95\xe9=\x18\
\x13\x05\xc6\x9e\xf0\xfe\xcd~\xae \x89\xc3dQr\xb4\
\x0f\x90\x89_\xf3%\xcd\xc5\xa5q\xae\xe33n\xbe\x06\
\xa6\x8b*_\x8fE\xd8\x0dC\x9f\xc3t\x18\xf7M]\
\xb8\x98\xac%\xb4\xee\xc2<\xd5\x09\x0cas\xd5\xd1|\
\xd5\x93\xb5\xcd\xf5\x8ey\xb9\xb9\x1c\xef\x86\xc2\x83mJ\
\xc6\xa0E\xbd\x07\xe1~\xd7\xc2\x8e_5\xac\x80r\xef\
bf^\x1a\xfa&\xa19\xc3\xae\xeb\x22\xd7\x1c\xce\x09\
7\xbc\xe73b\x03X/'\xd1\xbdzyk\x81\x08\
\xc9\xbc{\x03\xd6\xbb\xdfOj\xdb\x89\xe6\x0b(\x19\x9d\
'\xcb_\x86\xf6U\x00+t\x9d\xf3\x0f\xf3\x1a\x1b\xc2\
:\x01\xfdU\xe4\x9d%X\xdc{\xd0\x1bO\x8b\xee\x93\
v\x8ct&\x13M\xcdA\xe7\xb1(\xf1\xf9\xf6\xd1\x82\
yxw\xd6WN\xcf\x0c\x18\x8fRf\x04\x95\xaa~\
\x84\xf6\x08\xe1Z\x0c}\xfdE]\xed\xf7O4\xedX\
\xdb\xb5M'i\xbe\x00\xbd\xcb}@\x91|\x8564\
\xbf\xab\xder_f\x06\x86\xb3\xfa\x11\xe6B/-\x1e\
\xa0\xcf\x1c\x9f\xfe\x8bz\x0d\xca\xf0\xb2\xe8a\xee\xd7\xd9\
\x86\xcc\xe8\xd8\x8d\xcdM\xa2\xcf+G$\xc8\xd3*\xe1\
\x03\xe6x\xbcSR\xb9Y\xd3a\xcd|\x19\xd6k\xd8\
\x17\x12Jq\x0e\x06}\xff-\xc8\xbe\x07\xd2\xc5\x11\xe6\
\xdb\x89f\x16p\xd7\xdf^\x17\xe6(\xce\x0e\x88\xe2\xe5\
,f\xcb\x98\x9f\xf3nI\xe7\xc7\xc5x\xb0wf\x85\
0\xa7Kx^\xd8>\xd2E:\xe7\x86\xf4\x1a\xb8\x0d\
t\x9e\x9a3-{\x12\xd0\xfb\xf5\xa6\xefg\xfaG\xc8\
\xcb%[\x8d\xe67\xcd*\xcd\xdc\xcd\x19\xfe\xa1\xcc5\
\xcf\xb9\xa0#\x95\xcc\x9am;\x95\xffP\x9b!\x17\x03\
\xbb\xda5\x9b\xd7\xa3\x1fY\xd8\xb3?\x99\xdc\xceZ\xe7\
t\x7f\x1aT\x94\xee\x8f%y}[\x006\xd1\x1c\xb4\
\x06\x91[\xfc\xc1\x9c%\xccE\xf7@\xbd\x8fI\x18c\
\x22\xccv\xe8\xe3\x85=\x07\xf4X\xd6w\x14\xe9P\xff\
\xff\x88\xa3\xa9\xa5\x8e\xd6\xb0Q\xe4\xe5\xd2\xb9\xbc\xfc\xbc\
\x859\x94\x9fI\xecj\xdf\x02\xe6\xd0\xbc\xc9\x06\x97\xdf\
\x1d\xc7\xa4{>\x8bX{*\xae\xdb\x12\xf4\xa0\xff\xc0\
\x1a\xf8\xc5\xe2\xde\x83'\x22\xbd|a\xce\x85\xf1\x87D\
\xd9\x0c\xd6P\x87\x89d\xd7\xach/\xce\x09\x947\xc6\
\xb0smu@{\x9a\xb7\xfe\x86\xa2\xf8\xdc\x86\x82l\
\xban\xc3\xb9\x01\xf9p\xcce\xa6\x8e\xd6_\xde\xcc\xde\
\xb1S\x99\xb9\xdd\xfb\x9d\x805\xd6\x17H\xf7i\x1d\xba\
\xb09J4\xb5\xb1\xf1\xec\xf4\x12]^\xc4\xee\x17\xd6\
b\xf3\x9a\x07F\xf4\x02\xf8\x01\x8e\xd0\x9c\xe7LY\x02\
\xc7\x87\xbb>!\xcc\x85\xe9\x01\xd2=\xe7\x04-\xf6\xe3\
q_\x17\xe8\x8d>%\xe1\x80\x9a\x9c\x8ds\xdcO\x9a\
\xd2_\xaaK\x9a\x00\x1c\x01;\x01\xa7\x00\x0f\xf4\xb5\x8e\
*\x0d>\xe0\xb8\x84\xf3\xc3U\xcf`\xd0\x97\xe6Hm\
J\x09j\x9c\x95\xc13\x02\xbc\xf3t\xe8S\x1b!\xe4\
\x81\xba\xfd@\xb0O\xf8\xa4<\xd0\xbb8<\xf2\x0fc\
\xe7\x88+\x1e\xc1\xac\x8d\x15mK\x8al|8\x97'\
\xbb\xcebV\x0e\x18\xc3\x80~#\x8ckU\x84\x07\xea\
\xda\xfby\xf4o\x048\xff!\xd0\x9f\xeb\x13\x9c}\xef\
\xa1\xefRv\x8cB\xff0\xec\x1f)\x1eA,o\xf0\
\xf9\xde\xecE\xcf\xf7\x8e\x9b*\x06\xda\xe79\xc9\x8f\xf7\
\xffN\xc8\x839}-\xd4\xb2\xdf\xe0\x1c\xf0X\xc2\x83\
\xb6\x80\x13\x1f\x0a\x0f\x84\xfc\xc8.\xfao\x8f\x9e\x04E\
\x8d\x0b\xea\xd6\xf7s'3\x8bp*\xef\x8a\xe2\x9d\xcb\
\xf0\xc0\xc9L5\x1e\xe4\xf8\x87\xcb\xcc\xc1\x80\xc6\x80\xcd\
\xda\xda\xee\xcb\x01.\x00\xba37\xf7\x91\xa56C\x08\
\xa5\xad2\x1e`?\x08\x05Te\xf3B\xaa\xb1\x0e~\
\xbc8\x94\xb5\xe1d\xfbIu\xfdZT\xc7\x7f\xfa\x01\
\xd2\x1d\xe5n\x1b\xdd\xbbf\xe9\xb1\xa8\xf7 nl\xe7\
x\xf0N\x01\x0f0?\x9b=\x97\x1fX\x9d+e\xcd\
6\x18\x8b\xc2\xf9\xfd\xa0\x02\xa0\x0f\xe0\xcc\x07D\xfbG\
\x00\x0f*\x7f\x92\x5c\x14\xb0\x06u\x03\x1d\x9f7\xbf\x16\
\xd7\x0f\xe6\xb0y\x085\xd8{au\xd1\x80H\xe1\x1a\
\xec\xff\x00K\x00\xcf\xca1\xdd\xdf\x00\x0e\x00\xccs\xfc\
#\x0b\xd7\xfe\x01\x11\xacL\xa2>\xe3\xf8\xb3\xb9<\x1e\
\xbc\x933\x06\x8d\x91\xe4\xe2\xd4|\xef\xf1\x09\xe6\xa5\x02\
>\xe4\xf8I\xed\x9c\xe8\xc7\xd3\x13\x10G\xebZ\x9eh\
\x7f\x93\xeeU\xd7\x16\xae\xfb\x85\xd7\x84\x9f,\x84<\x08\
\xe5\xe5\x84D\xda\xef\x02|\xa1M\xbc\xf9\xc2\xbe\x10.\
\xcf\xdeY\x87\xae\xd1.\x14\xe7\xd3V\x06\x90\x01\x08a\
\xf7\xaa\x03\x84\xf6\x96H\xb94qnS$\x0fy5\
@_\x80/`,G{'5\xf2\x1e)\xed\x07s\
\x0a\xeb\xf5\x22j)\x9f\x0f_S\xdf\x9e\x8bePO\
J\x07\x84\x03L\xe9\x1c'm\x17\xeb/\x0f\xbcPv\
\xe1X\x14>\xbc\x9d\x9c|\xf0\x5c\x0e`\xf4{\x90\xe4\
\xc4\xd6\x99?\xa7(L^_@|Es\x9a'\x01\
\xfe1p\x9d\xe6\x1a \x18\xed\xe6\xd9\x22\x1e\xddq\x9c\
\x0f\x92\xdc\xd5\xb9\xd8\xbe\x80\xb9\x81Q\xd6\xdbZ\x11\x17\
SI\x8e\x05\x84S\x1b\xfd\xec\x7f\xfd9'\x86\xe7[\
(3>\xd5\xa6\xb6:\xccm\xfe\x87\x81\xcc\x11\x05t\
_\xe87\xc08\xc07\x0cCxvu\x00\x9dk\xcb\
\xda%\xbb\xff\x1b\xce\xdf\x076\xa6v\x8c\xe1\x80\xd5T\
\xe6\xfe-A\x9a\xe7\x01\x1e\x02\xf6\xd2\xf1\x11mZ\x9f\
\xc8\xf4Y\xa4\xbd\x7f\xb4\xc21\xbe\xac]Y\xb8\xff\xeb\
\x1fUdl\xca\x14\xb1\xbc\xc0\xf1\xa9;\xc0\x07\xf0+\
 \x85\xda\xf8^\xeb`\x0f\x01\xc7\x94\xbf\xe8\x9e\x7f,\
\x9dK\x07\xd3uS\x15~]RVL\xe6\xc9H8\
)\x8fW\xa6?\xb6\xcbBv/A\x16&t\xde6\
\x07\x8c\xa1c\xf1\x16\x80\x18p\x0b\x90M\xfb\xca[\x1e\
o\xde\x01^\x01\xfe\xa4\xf6p<G\xb3\x07\x10\x0a\x98\
Dy\xdb\x04d\xba\xba\xc0\xf7\x94d\xf8\x84\xca\xf6O\
\x91\x01\xd0\xdd\x98\x91^\xc4\x88W&\xfcr \xafl\
\xcd+7\x94\x14\xf2M\xa0\x5c\x8b\x96\x8d\xa1lB\xcb\
F\x8c\xf4\x03\xf9x\xe2\x83~ \x0f\xcb\x84+\x07\x12\
\xee\x03y\x047\xab\xadi\xb9!\xe1>\x90K\x1a\x8a\
\xb8\x0f\xe4\x92Zb\xae\x9cFj\xa5\x15\x96Mr\xb9\
\xb2\x98\x98\xe4qe\x111\xce\xe7\x95\x0b\xb8\x0a\xe1\x9d\
V\xa8\x00\xef\x22I9\x1f\xcbbI\x85r\xb1\x92i\
\x92\x0a\xa5a9WR\x16aY\xf2\x016~\x1e\xfe\
\xc8D\xf2'\x04\x7fe\x82\xff@\xcbF\xf8\x87l9\
O\xf2#\xb6\x5c [\xb6\xe6\xcaHRiY,S\
\xc6\xd6I\xcai\xc4XZ\xce#\xc6i\x85e\x22-\
C\x05\xc6sexig^\x99H\xcb\x22^9M\
A9\x97W\xceWP.\xe0\x95\xb9\x972\xbc\x8fI\
\xd8)\xf7\xfdy\xbc\xfa\xe4jQNS\xb3,\x96S\
6\xe2\x91\x84_6\xe6\x91\xcd\xb8\xb0\xb5\xc8r~\x99\
\xa3\x08\x8aE\x1e\xaf,\xadfC\xdeg\x1b\x16\xbe\x1e\
D\xaa0\x0ac`\xe1O\x09\xefO\x08\xef\x9f\x15\x96\
\xady\xe5\x86\x0a\xca\xb5\xf8\xe5|^\x99\x17\x08\xb2\x16\
\xc3/sU\xae\x05e\x8e\x82\x0d\xa1\xcc5\xcbZT\
\xabP\x18\xd2\x1ar\xa42\xa6\x1d\x91\x12A\xcajI\
\xe7.\x90\xcaBs\xb8\xb3\xcd4\xc2\xffo\xc4\x91\x9f\
\x9c\xacIXp\xd7U\xcf`r\xd3{>\x1b\xbb$\
\xd1\xd9\xab\x0e`,\x8d\xd7\xf0\x04\xf0\x0e\xf0\x12p\x0d\
\xb0\x08c\x96\x88\x9d\xa4q\xb0\xc9\xe5]\xdf\xc1\xdd\x9b\
|\xbc\xca\xeeuy\x86\x88\xa4x\x04c, \x8c\xf1\
\xb9\x15\xf0\xb7\x82}\xd9wT\x0e\xc6\x01L8\x19\xd8\
\xe3<\xfc\xa3\x0c\x94\xe1\xeb\x91\x7f(\x815\xf2\x0f0\
\x0e$\xabx\xf6\xe3/Il\x17\xef*\x1fe\xa0\x1c\
\xac\xa9$v\xce\xad\xb87}\xd5#X\xd5\xf3?\xb9\
\x00\xaf\x8f2P.\xf8\x8f\xf6\x9a\xbf9\xff\x84\x8f2\
\xf0\xc1\xf1?Nx\x06\xed\xa3\x0c|P\xfc\x7f*\xef\
\x1c\xe2G\x19\xf8`\xf8\x9f\xaf\xe8,\xeaG\x19\xf8 \
\xf8\xffJ\xd9y\xe4\x8f2P\xfa\x17\xeb\xe3\xd6\xc6\x92\
x\xb7\xecJ\xf7\x1d-\x89\x83\x999\xebw\xe8lf\
\xa1-\xff\xaf\x17w&\xfd\xa3\x0c\x94\xde5\xa3\xbd\x8d\
d\xbf\xdf\x94\xf3\x87\xb1 \xae\x9co\x86Y\xa1\x8f\x8c\
\x16\xfc_\x5c\x9c\x7f\xcbG\x19(\xc5\xbeof\xc5\x9e\
\xf9q\x92\xf0\xf9\xff\x00\x9e\xd4\x07\xa7\x99\x8c/\xc8\x8f\
\x96\x9a\xf2\xbf\xa5*\xf1+>\xca@\xe9\x5c\x8efR\
\x1e\x9b\x00\x96\xd1\xfc\xb2\xe8\x03\x17\x0f\xf8N2\x0e\x98\
\x13\x173\xcdb_=\x9d\x13a\x04\xfc\x1dO\xf7\xb7\
?\xca\x80\x01\xce\xfd\x14\xf5ins\xbe\x0f\xea\x16@\
].\xf6\x903\xc6\xa3h\xdbI\xdd\xfe\xcf\xed\xd7{\
\x02r\xf5-\x03\xdb\x1d\x07}\x94\x01\xcd\xf8\xff\x03 \
M\xceY\x94\x05\x5c\xcc_\xc9y,+M\xf8\x8f\xbe\
*%&\x03\xbf:\x0e\xf9(\x03*\x5cnM\xfap\
\xf3>\xa2; W\xce\x19\x80\x17\x80\xf1\x8e\x1d\xadx\
~\xa1\xaa\xcf\x03\x99\x1b\x0e\x94\xa4\x0c|\xdc7T\xe3\
\x9a\xd8\xc2\x9c\xef\x87\xed\x0a\xc8Wp\x0e\xe4.\xc0\x5c\
2\x0fX\xc1\xdaP\xf5s\x99\xe8\xa3\x96\x15\xba\xae\xc4\
\xc7\x81\x84)\xb3\xd0Q\x81\xc4n\x5c\xfe\x91\xd1\x0a.\
\xf4\x8fq\x805\xde\xd8\x96\x1d\x8c\x81\xb71\x0ax\xcf\
!\x96\xea\x08\xc4E\xcd8\xa8%-\x03G\x07O\xa9\
rd\xfe\x02\x12\xbbi9\x89\x0d\x9f\xf7Q\x06\x14\x5c\
A]\xed\x89\xa7yw2\xd3\xb2W\xdd\xc9m;\x9d\
,\x86\xffx&f.\xf0\xbe\x92\xba\xe7RKT\x06\
\x5c\xbcs\xe3}E^\x87\x0fn\xa8\x12\xbb~\x19\xcb\
\xfb\x8f2P\xf4\x8a\xb0\x1bL\x22\xec\x87\x910\x9b\xa1\
P\x1e\xde\x11d\xe1\xc9\xe4\xc2x\x08\x8a\x90\x03\xb0\xe1\
\xf3\xdf\xa5u'\x83\x92\x01\xe0=\x13\xb7**\x17\xfa\
\xbe\x17\xa0\x0a\xcb\x7f\xc0\xee\x03\x8b>\xca\x00\xef\x8a\xb2\
\x1bA\x22\xed\x86\x03\xd8\xbbG\x84\xdd\xb0\xf7\xfe\x9dm\
\xf99\xbe\x15\xe1\x18\xe0k\xbemH\xad\xf5\x80\x1ee\
\x80\xe5\xfd\xea(\x06\xf8\xce\x00\xafs\x01^\x00\xa9\x0c\
\x1c\xde\xbe\x06\xe6\x84\x15\x1f<\xef%|\x97\xa2\x16 \
\x8e\xcb\xb19\xcb\xaa\x17\xa3\xc2<\xe0\xe7lfe\xcc\
\xf1\x7fl\xab\xee\xa5.\x03\x02\xdes(\x22\x03\xa8\x13\
|\xe4\xffp\x12\xd1o<\xc7\x7fk\xc0S~\xae\x19\
\xcc\xb3Z\x8c\x0c`\x1e\xa6\x0el.\x9a6-5\xda\
\x1f(\x22\x03Z\xd8\x88\x14\xf0\x9e/\x03\x1e\xf0\xdf*\
K\xf8\xffa\xf7\xff(\x1b\x99\xbe_\x11\x10)\x8c\xff\
\xbb\xa0\xc7\x00~\xae{E\xd8H\xcf\xec\xb2\xfcwk\
o\xa1\x99\x0c\x04Gk,\x03W<\x83\x99D\xbf \
&V1\xef9d\x00Zsc\xc0\x07\xdd\xf7m\x87\
\x93([)\xff[\x02\xee+\xca{\xe1\xa2\x5c\x17\xc0\
<\xa8\xfd8\xdb\xb0\xa3\x861\xa2Y\xbe\xcf^\xcc?\
S\xa8\x9a\x0c\x88\x22\x98\xfb\xcb\xd62\xa7vnf\xe2\
6\xafT\xc6{\xc4\x9f\x00\xcb\x0f\x9d\xff\x116\xfd\x0a\
\xfb\xbe-\xdb\xf7\x17+\xcb\xbd\xe1e\xd1\xa3\xb81\xe0\
\x10\xe0S./\x8aS;\x8d\xf7\x08I\xf6\xec\x10\xb5\
\xc6\x81\x07\xcb\xd71W\x13\x0e3\x97\xc4G\x98\x13\xfb\
\xb73q\x9bV(\xe2\xfd[@\x0c\xa0\xc6\x87\xcc\x7f\
\xec\xf7\x91}G\x92\xc5\xf6\xd2\xbe\xdf\x11\x90\xa6<\xf7\
\xd0@\xcc;\xa7\x8c\xff\x18/c\xa4d\x0e\xb0\x22\xae\
Z\xe4\x85be\xc0W5\x19\xe0x\x7f\xf9D<s\
\xf9x<\xc8@\x9c\x5c\x19\xc0\xe7\xc4\x1dkw\x1d\xde\
\x18\xf39\xdc\xc9\xe9\x83\xbb\xc8\xb1\xdd\x1b?\xea\xfcv\
\xc3k\x02\xb6\xaa\x9a\xff\xa8\x98y\xe0\x08\xe03\xce.\
\xe8\xa2\x9d\xaf\x88\xec\x5c G\x06\x84\xbc\xe7 +\x03\
\xcb\xd8\xfb\xf9\x84\x03L\xc6\x9d\x1b\xa7\x9e<z\xd82\
;\xed>\xc9\x01\xb0\xf7\x87\xf7>,\x9d\xafp\xbe'\
K{\x0f\xc6\xbb\x0b\xe0\xa5*\xfcgs0\x99wW\
\xc6\xff\x7f\x01C9\xdf!mc\xb5(\x94\x01Qd\
n\xea\xf2\xf5ry/\x94\x81#[~ay\xff\xe8\
\xde-&;=\x95\x01\x9e\x9f\x00\xb4\xe2x\xff!\xc9\
@\x14\x1d\xef\xa3\xecd\xc6\xfd\xbb\xea\xe4_\xc4\xf5\xc0\
\xe4\xb6J\xd7\x03{\xf9\xf1\x0a]\xb4\xf7\x19\x94\x91\x81\
\xe7S\xe6\x99\x00\xef\xbd\xae\xc6\x1f\xcaU\xc4\xfbB\x19\
8\xc2\x5c=u\x94\xcf{\x0e\x1f\x9c\x0c,\xe8:\x0a\
\xfa\xfe\x08\xb2d\xa0\x94\xf7\xdf\x02\x12\xd5\xcd?\x8b9\
I0\xff\xb2\x12\xfe\xffI\xf7\x8f\x89C+k\xad\xf9\
\xcf\x97\x81\xc7s\xa3\xc9\x9d\x8d\xdb\xc8\x99\x9bgL.\
\x9fH\xf0\x04\x1e\xe7*\xe4\xff\x89\x04\xe6\xf6\xe5\xb3L\
\xe6\x83;|\xbe\x7f\x902\x10a;\x94\xd5\xf9\x22\xfa\
\x0f\xe5x\xff\x05`3\xa0@\x93\xfc\xdb\x98\x0f\xcbM\
\xb9.\xb8\xdc\x99\xee\x0d\xe9\x82\xff\x9c\x0c\xe0\xb1t\xe0\
-I9\x16G.\x89\x13L\xa0,W\x06R8\xde\
\xa7*\xe4\xfd\x07#\x03\x11\xc8w\xbba$\xd4n0\
\xc7\xfb\xcf\x00+\x00\xef4\xcd\xbf\x8e\xc0\xfd\x01\x17\xc5\
\xfc\xbfK}\x88\xe8\x1c\xd0Q'm\x01\x9e\x93{\x97\
w\xb32\x80P \x03o\xaf\x9e>\xba\xe7q\xea\xed\
s\xc5\xf0\xbe\x5c\xcb@\xa4\xfdH\xdc\xcb\x13\xea\xfa\xf5\
\x01\xbf\x00\xdej\xc3{\xce6<\xadC\x17e\xfb\x02\
n\x85\xfbB\xba\xcb\x9b\xa4@\x06f\x00\x1e\x01\x9e\x03\
b\x00\x9f\xe7d\xa4\x9a\x01/O\x7f\x882\x10n\x87\
\xe3\xfcP!\xef\x9b\x03v\x02\xf2\xb5\xe5}\xe1zP\
\xe9\x18\x80>\x22\xb5t\x113\xb38\x19\x00T\x06\xb4\
\x06X\x02jB\xffgy\x08h\xfd!\xc9\xc0/\x83\
\x06Jl;\xc8o\xa9mg\x841\xdc{\x03\xce\xea\
\x8a\xef*\x8e\x019\x9c\x9f\x18k\x0bh\xd3Q\xe72\
p\xe9\xd7\x03|\x19\x90\xe2\xd6\xc5S$;\xfd\xfe\x07\
#\x03Q6\xc3\x80\xdft\x0f\x9f\xbbK\xe4\xe0k@\
\x00 S\xd7\xbc\xe7\xe0\x07z\x80\x02\xfe\xe3\xd9\x81\xd9\
\x0ef\x9d$>b\xadu\x1f\xbb\xf2\xb28^\x0e\xff\
\x8f\x90\xebg\xc5$\x0b\xf8\x9fU\x8ee \xc4\xd6\x85\
\xf5\xd7(\x5c\xcb\x0f\x13\xee\xe3\x0f\x05$k\xab\xe7\x15\
\x87\xc5\xb0\x16Pb\x17>\x22\x9d\x03J0W7\xbb\
^\xa0\xfc//2\xb0h\x5c?\x89>g3R\xea\
\xab\x13a\xcf\x9f\xdfGp\xba\xfd\x00\xc0o\x80\xbf\xf5\
\xc9w~~^%\xf6\x80L@kg-m\xc1\x1f\
\x8a\x0c\x84#O\x01\xe1R\x7f,\x09\xc2F\x0d\x10\xea\
r\x12;\x9ed\x8c\xaf\x0a\xf8\x190\x0d\x90TR|\
\x17\xe6\x86\x9f$\xdf_\x10\xd7\x01.\xce%\x98\xb3\xb9\
\xac\xca@\xfc\x18/\xe9z=\xa6\xdf(\xb9\xfc\x8e\xb6\
\x1bi\x04\xf7O\x00\x0d\x00V\x80\xe9T\xa7\x7f\xa0\xef\
q^\x19\xd0W\xcc\xd3B\xe1\xbe\xc0:\xe8\xfb\x95\x9d\
K\xa1\xff\x97%\x19Hr\xf4$\xb1\x13g\x90u\x83\
'\x10\x9fN\xbd\x8d\xc3m\x875\x06\xdav\x00t\x03\
\x0c\x06L\xa5{\xf4{\x00W\x00\x7f\xear-\xa7-\
D]\xed\x15\xed\x0d^\x02|U\x9a\xfc/\x0b2\x90\
\xe4\xe0I\x8e\xbax\x13f\xcd^\xa3]\xa3'\x8fZ\
\xdeo\xd4\x0d\xea\x8b\x97\x0bx\x0dxo(\xbc\x96\xaf\
\x07\x0eV\xa4\x07>\x03X\x946\xff\x0d]\x06\x12\x9d\
$g\xd5\x92\x9c\xbd\xeb$8y\x1e\xdd5z\x12\xb3\
\xac\xefH\xc6\x90y.\xdc\x17R\xe0/\x8c:\x80\x93\
!\xf0\xdf\x90e\x80;\xab\x08\xf8\x1ap\x15\xf3W\xee\
\x04\x19\x88)#2\x80z`p\xb7\xbe\x8a\xe6\x80\x08\
\xe7\xd6\x16\xc6\x86\xb2v6D\x19\xe0\xf1\xbf\x09\xe0>\
\x97\xc3\xf4\xd7Q\xaeeF\x06\x96(\x9e\x03X[\xb0\
!\xd9O\x0cM\x06x\xfco\x0d\xc8\xe6\xe7\xa7\xdd1\
\xd2\x85\x89\xb6\x1fQ&\xe6\x00o\xcb\x9e\x8c\x9c|\xa2\
70~\x88\xa1\xd9\xd0\x0cI\x06\x92\x9c=9\xfe\xf7\
\x01\xfc#\xccQ\xbcm\x84s\x99\x90\x81@\xf4\x11\x94\
\xbf\x17\xd0\x89\x18\xe0e\x082\x90<\xc6\x19\xf4?)\
\xff\x9di\xfcs\xd93M \x03[\x86;1Q\x06\
,\x03\xa8\x03,\xec9\x90\x91sv\x14}\x83G\x1b\
\xea\xfeIi\xcb@\x82\xeb,\x89\xee\xef\xe8a\x04\xf7\
%\xca\xf2\xc4o\x1a\xea`\xd0\xfd?\xd4f(\xe3\xde\
\xb1\xabp\x0e\xc05\x80\xaf!\xef\xa1\x95\xa6\x0c\xf0\xe6\
\xfe\xea\x80C\xca\xce4\xc79\xcc`\xd6\x0f\x99`\xb8\
:\x00@\xc1:\xf0\x17C\xdfG-\x0d\x19\x88\x9f\xec\
\xc1\xe7\x7fS\xc0\xdd\xe2\xe2\x1a\x1c\x9e\xe8\xce\xac\x194\
\xce\xa0u\x00y\xe7\x83\xca\x82\x0fEI\xcb@\xa2\xab\
\x17Ip\x91\xe6\xb9\x19\x08x\xa5Bl\x13\xe6\xe0\x84\
\xe9\xcc/\x03\xc6\x1a\xa4\x0e\xa0`?\xe8BY\xf1\xa3\
)I\x19H\x9c*\xe9\xff\x09.^\xc6p\x0fW\x85\
\xf7\x1c\xf6\x8dscV\xf4\x1fmxv\x80>r\xed\
\x00e\xca\x99\xaa$d\xe0\xf8\xb8\x00\xfe\xd8\xdf\x00p\
Q\x1d\xfe#v\x8f\x99lp\xf6!<'4\xc3\xbc\
\x9bP\x07\xcc!e\xec\xd2\xb7\x0c`L\xbaD\x17\xe9\
\xbao(\xcd\x7f\xa6\x16\xff\xd1Fhh\xf6!N\x07\
\x14\xf0\xffoR\x06/}\xc9\x80\xd8\xc1\x93\xdf\xf7\xab\
\x02\xb6\xa9\xcb{\xbem`\xf30G\x83\x1a\x03\xfc:\
\xdb\x08\xc7\xff<RF/}\xc8@\x12\xf0}\xf5\xec\
\xe5\x1c\xff\xad\x019\x9a\xf2\x9f[\x17\xae\x1b<\xc1`\
t\xc0\xa0n\xf6\x8cKk\x99\xbd\xa0|R\x86/]\
\xcb@B\xa1\xbd\x0fcT\xae\xd1\x86\xf7\x86\xb6&@\
\xfe\xcf\xef\xd1_\x18?\xac\x80\x94\xf1K\x972\xb0\xbb\
\xf3`\x8e\xff\xbd\x00Ou\xc1\x7f\xc4\xde\xb1S\x99e\
\xfdF\x95:\xff1^\x84\xe0\x9cp>)\x07\x97N\
d #\x95${\xb0\xba\x7f]\xc0A]\xf1\x9e\x03\
\xee\x19\x97\xb6>\x88{\xc1S\xda\xc9\xac\x01\xdf\x90r\
ri+\x039\xe9\xa9\xad0\xde.\xf0j\x06 O\
\xd7\xfcG}p\xd3\xb0\xd2\xdd'X\xdag\x083\xad\
\xbd\xcc\xd9\xa0\x7fH9\xba\xb4\x91\x01\xe0\xbf\xf8\xe2\xf2\
\xb5\x93\x13\x9d<\x1f\xe8\x9a\xf7\x1cb\x1dJ\xd7F\x8c\
\xfb@\xd3;\xc8\xec\x03=!\xe5\xec\xd2H\x06\xd2S\
\x99\xf4\x94K\xcci\xd1\xe2W\xc0\x7fF_\xfcG\xec\
\x1f\xe7\xc6,/%]\x80\xb5\x01u\x94\xb1\x01\xa5\x92\
rx\xa9%\x03\xc0\xfbG7\xaf3\xe7#W2\x89\
.^z\xe5}i\xeb\x02\xe1\xb6\xc3\x18\x0f\xf3\xee|\
\xfe_\x22\xe5\xf4RI\x06\x80\xf7\x8f\xff\xb8\xc1\x5cZ\
\xb1\x8eIr\xf5.\x11\xdes\xba\xc0\xc6R\xf0\x19\x90\
\xc3\xffXR\x8e/\x052p\x86\xdf\xef%\xbc\x9fY\
b\xbc\xe7ph\xa2;\xb3\xaa\x84\xed\x02r\xf8\xbf\x86\
\x94\xf3\x8b\xe5=\x95\x01\xd0\xf1\xa0\x9c\xda\x1a\xd6z'\
q\xbe\xc71\xbf4x\xcfa\xcf\xd8)%\xbaO$\
\xe0?\xfa\xff\x04\x94g\xde\xc7M\xf6%\x09\xce\xde\xac\
]o{{\x1b\x22\xf6\x12\xb1\xff~i\xe5\xfa\xa9\xa7\
\x83\x96\xfcWR\xf3\xbd\xc2}\x22\xea?X\x92g\x02\
y{\x80\xaf\x00\xe3\xca#\xdf\xf7M\x9d\x81{\xf7\xac\
-/vz4\x7fO\xe73v}\xef\xe4\x99\xaao\
=_\xf55\xe1\x0cf\xf5\xc0q%\xa6\xff\xbb\x17\xea\
\xffO\x00\x9d\xcb\x0b\xcf\xd1g+\xc1\xc5\x93\xc4\xb9z\
\xb2\xfb8IN^|\xbe\xa3=\xbf'`\xbf>l\
;\xda\xe2\xb7\xb1SKd\x1e\x08\xb5\x19\xc2\xae\xff\xe9\
\xdc\x7f\x0b\xf0}Y\xe6\xf9\xc9\xc1\xae$a\xf2L\xa9\
\x9f~\x82\xe3\x0c>\xcfQ\x0ep\x0f\xb7\x13`5\xe0\
\x89\xa1\xf1\xbd\xa4\xe7\x01\xb4\xff\xf1b\x04b\xfe\xd8:\
\x86\xcc\xdf\x83\xce\x22\x98\xbfg\x92x\x17\x1f\x19\xbe\xb2\
\xbce\xc7w\xef\x22\xff\x0e\xe3z\x05z^o\x08`\
+\xff\xdc\x8e!\x03\xfdGW\x0d\xd4\xefz`Q\xaf\
A\xfc\xbc\x11\x98O\xce\xd8Py\x9f\x15\x10I\x98k\
\x0cIv\xf5!\xf1N\x9eE\xf9,\xed\xe3\xac\x7f~\
uzFo\x00 \x8c\xfal\xbd,\x0b|\x17\xfa\x8d\
\xe9\xcb.$\xf0\x01\xc5<\x92\x93\x0d\xe5\xfc\xaf\x5c\xfe\
\xb3\xb1\x85#\xc9\xedY!d\x5c\xab\x8eF0F\xd6\
\xa1\xfd\xfa;z\x1e\xaf7\xc0\x09\xb0\x98\xfa\xe7\xdf)\
\x8b<\x17\xda\x856\x0c\x9d\xa87\xfe\xcf\xed\xde\x8f;\
\x0b\xfc\x1c`m\xd8\xfc\x8f$\x8f\xfc\xc3\x08\x13\xb6\xc1\
\xf8\x82{\xe0\xa8$\x17\xef\xa3x\x06\x9b\x9e\xc3\xcd\xa2\
\xe7\xf1\xde\x95e~\xcb\xc3\x81\x09\xd3\x98\xe5\xfd\xf4\xe3\
?\x1cPx\x06\xe0*\xe0\x1b\xc3\xef\xff\x11$G\x14\
\xd98\xdd/\xf4\xc6E\xf7@&\xa9\x9c\xf1Z\x11\xf0\
\x5c\xa9>\xf8\xcf\x8b\x09\xb6\xc5\xd9\xcc\xd2\xa4,\xf0\x1f\
\xd0\x01\xf04\xc3?\x8c\xf9Pd\x00m\x02\xba\xd6\x05\
\xd1\xf6\xe7i\xd1\x03\xd7\xfe\xf9\xfc8\xc0e\x80\xff\xdd\
\xb9\xfc\x220\x1f0\x97f\x88\x98$\x17\xefr/\x03\
\x18gD\x97\xe7\x8aY\xdf\x0fI\x5c\xd8\x1c.7\xa0\
\xae\xe2\xc0\xeb\xe3\xfa\xc7#\x88\xe3\xff\x10\xc0k.\xbf\
\x0c\xca@\xca\x8c\xa0r/\x03x\xaex\xed\xa0\xf1\xfa\
8\x03~L\x9a\x13\xcc@\xfb\xff\x7f\xab\x22\xf8\xfd\xdf\
\x0d\xf0\xbeHnA\xd5s\x8e\x97Y\xec\x193Eg\
\xebA^,8\x91k{sI\x0c\xf8v\xe6\x06\xab\
\xfb#\xef\x9f\x04D\x18\xc1}\x89\xa2\xfc\x92\xd7\xbd\xe6\
2\xc7Jq\xff\xae$\xc6\x00]\x9d\x1f\xf0\x91\xe8~\
\x98\x07\xa63\xf2\xde\xb5\x0d\xf0\xdf\xd4\xca \xf9\x9f\xe9\
\x1f\xc9\xf5\xfd\xaa\x80=\x8ar\x0cf\x82\x0c\xdc\xf4\x9e\
\xcf$\xbb\xce*\xb72\xf0\xdbX\x1c\x03F\xeaj\xdf\
'\xc9\xd0\xc7~\x81\xee\xd7\x00p\xa5\xb8\x5c\xb3\xb7g\
-d\x8eO\xf2)\xbfz\xc0\xe0\xf1\xda\xcd\xfd\x12\xbf\
\xff\xf7\xc0\x7f/G3+\x96\xf7N\x06\xaa\xfb1~\
\x98o8\x9c\xe3\x7f'\xc0\x9f\xc5\xf1\x1fq\xcf'\x84\
99ev\xb9\x94\x01m\xed\xc2\xd4\xee\x839\xc1[\
r\xb9_\x5c\xdat2\xe0\xbe\x1f\xc9\xc9\xc0\x0c\xa1\xee\
\xa7\x0c\xa9s\x163g\xdc|\xcb\x1d\xff\xe3\x1c5\xf7\
\x11\xc0u\xbf\x17\xbb\xee\xb7X\x07\xbc7)\x8d\xb8\xff\
j\xcd\xfd\x85c?\xce\xfd\xbbT\xe5=\x874\xbf\xa5\
\xcc\xf9\xe9\x01\xe5\xceN\xb4c\xa4+;\x96k\xb6\xe7\
\xd79\x17\xc6{;.\xe6\xbf\xa1\xf2?\xdb7\x0a\xf3\
\x8bs\xfc\xff\x19\xf0P]\xfe#2\xa8\x8d\xa0<\xad\
\x0f\x0fM\x9c\xaeQ\x5c\x91\x00I\xec\xbf8\xe0\x7f\x1d\
i\xee7\x03\xe5\x7fVP8_\xf7\x9b\x0ex\xa7\x09\
\xff\xb9\xf5\xe1\x0d\xafyL\xf2\xa4\xf2\xb16H\xd0\xe0\
\xfc\x18\xcd\x0d\xfc\x1f\xf0~\x9c\x13\xed\xfbN\x06\xaa\xf7\
?\xf4\x09\xe5\xf3\xfe3@\x92\xa6\xbc\xe7\xe3\x0e\xac\x0d\
\xca\x83^\x98$]\x0b\x8eP}\xbf\x1f\xf3\x02\xb7\xb3\
\x16;\x98\x99\xd7\xe3\xfa\xfe$\x03\xed\xfb\x99l\xdf\x97\
\xf6\xff\x81\x80\x7ft\xc1\x7f6'9\xe8\x85\xe7\xdc\xfc\
\xca\xbe\x1e\x88\xfbB*\x9e\x19\x88\xb0\xc3\x9c\xc0}^\
C\x7fw\x98\xd2\xceZ\xe79\x1fu\xca\xfb\x00\x19{\
o-\xc0^]\xf1^\xaa\x13\xf8\x852\x97g\x88\xca\
\xbcN\xb0e\xb8j1e0\x1f\xf0\xb4\x0e]\x8eN\
0\xed\xf8\xa5\x13\x97\xf3\xb3\x8d\xe1\xad\xf9\xb3D\xd0\xe7\
\x03\xa2\xf8k\xbe\xa1\x80\xbfu\xcd\x7fN'@{\xa1\
\xb8\x8c\xda\x8a\xd4\x99\x03\xfc;\xdb\xfe\x03z\xde\xf0i\
\xed\xbb\xb2|\x9f\xdc\xb2\x9d\xa1\xdb\xfa\x10_\x03\xc4\xfa\
\xe0\xbd\x8c\xadh\xf6\x22\xe6\xcc\xd4\xb2i'@?\xd1\
\xe2\xd6\x01\x98\xf7eF\xc7n\xbb\xc6\xb6h_\x0b\xd6\
\xfd\xd0\xf7-\x88c[k\x03\xf4\xf1\xe4\xf1^\x14Q\
\x11\xee\x01\xda\xe8\xfc\xea \x1d\xe6\x83Kep>@\
\x1fA\xdc\x13\x8aP\x1e\xeb5\xd3\xb5\x8dU\x17\x18\xff\
\xc9\x84\x96\xe6\x869\xee\xfbG\xc8\xf2?0\xa2\x0f \
\xab$x/\x9c\x0fNL\xf6)7\xfea\x8b{\x0f\
z\xefi\xd1=d@\xb3\x16\x95\xd0\xc6\xefl\x86\xeb\
}\xc3\xd2\xfb2\xfd\x96I|\xfb|\xa39\xde7\x07\
\x9c-I\xde\x0b\xed\xc6\xbfO\xf3/\x13>%It\
?@\x9eo\x10\xe6\xfa\x80\xbe\x7f\x16\xf8\xddxj\xfb\
\xcedR;+\x83\xdb\xe7\xcb\x08\x08gu\xbd\xcc\x80\
0\x8e\xf7\xf55\xb1\xf3\xea\x1a\xe8Wt\xcdk.\xe8\
\x86\xb3\x0c\x9e\xff\xfb\xc7\xbb\xc9=/\x16\xd2k\xe0_\
\x9e\xe6\xdd\x87\xac\xe87\x12}\xe6\x89\x83\xa9a\xd9\xfa\
\xd8\xf1\x1e\xf0x\xd1<\xbe\x9dg\x15 \xbf\xb4\xf9\xcf\
\xe1>\xe8\x86h+0\xe4\xb1\x00m\xc1\xc2\x182a\
6C\x0b\xfc\xbb\xd8\x86\x8f\xfa\xb9M\x95\xc9m;\xb1\
c\xbe\x93\x81\xac\xf7sD\x91\x85\xf3|\x80\xb4\xfc9\
`9\xe0\xad\xa1\xf0\x9e\xbf\x7f\x80c\x81\xa1\xfa\x14\xa0\
\x7f0\x7f\x0d\x10!9\xdbs\xdc\xbdc\xb7F\xb3\xac\
z\x11\xdfN}\xc8$\x03\x99\xf3q\xae\xcf\x0e\x8e\x14\
\xae\xf3\x1a\x016\x95\x94\xae\xaf\x8d^\x80{\x89\x86\xb6\
F@\xfe\xaf\xec?\x86\xef\xdb\x9b\xe1\xd7\xd9\xa6G\xb4\
\xfdH2\xfa\xe7\xb6dl\xab\xf6\xec\x9a\xafT\xfb<\
\xe8\xf7\xd9\x81\x12\xdc\x0c\xfc\x85\xe5\xfb\xc3\x85\x8b9\x7f\
\xfex@\x81!\xf3\xbep\x8d\x10\xc6\xdc\x9a\xb9\x809\
5e\x8e\x81\xf1\x7f4\x17\xd3\xe1\xd5\xbc\x1e\xfd\xa6Y\
\x7f\xf3}\x05\xe8\xff\x04\xf5>\xc7R\xe4=\xce\xef\xd9\
,\x22\xf9{\xf9\x88\x1a\x00G\xc0\xed\xb2\xc0wy~\
\x05\xe8sl\x08\xb6Cn\xfe\x07}\xff\xfd\xa2^\x83\
b\xbc-{T\x87\xfeO\xe6X\xf7!n\xed\xbb\x94\
\x0a\xdf\x9f\x06\x15\xf2\xfa\x89\xa8p\x1f\x17\xfa\xbf1\xdc\
\xdb\x03\xb6\x00\xfe-\x8b\xbc\x17\xce\x09x\x0e\xa9\xb4\xfc\
\x8eQ\xff\xdf;n*k\x03\x86q\xffPPW\xfb\
\x060\xf7\x13X\x0f\x90]c'\x13\xc7\x12\xf2\xebb\
\x9c\x7f\x811>\x92\xf4d*\xf0\xf7\xedxz\x1e\xcb\
w\xf4\xe1X\x08H+\xeb|\x17\xfa\x1d\xdf\xf5\x09a\
m\x06\xa5!\x07\x98[\x22\xdcv\xd8\xb9\x85=\x07\xb4\
\x88\xb0\x19F\x06\xfdhJP\xe7\xf7\xe9d\xa3\x17^\
\xdf\x0e[\xc2\xee\xd3\xe4\x04DH\xfds\xb2\xe5\xf1\x5c\
\x82\x9a\xd4o3\x0cp\xb7\xac\xcc\xf3\x9a\xda\x0f\xef\xcc\
*Y9@\x7f`\xd0\xfd_\xfbY\xdb\xb8\x00\xff\x89\
{\xc7\xae\xc4\xadC\x17\xbd\xd9yr\x90\xd7\xc0\xf3'\
Ary\x0dr\x10iL\xd7\xf1\xed\x00\xee\x80C\x80\
'\xe5\x95\xe7\x8at\xc4;0\x1e\xe0ZA\x9fg\x11\
\xd0&\xb1\x1d\xfa>\xfas\x02\xbfO\x00\xcc8\x7f.\
}\xf9u\x01\x7fIz@8\xab\xcb\xc1\x5cnB\xed\
u?\xd0s\x99.\x80h\xc0q@\xb6!\xd9qJ\
k<@\xfb\x11\xfa\x19\xe0\x9eB\x92\xb37\x9b\x0bH\
W\xbc\xdf7\xde\x8d\x7f\x86\x1fqJ\xdf2\x90>o\
1\xd7\xd7\xff\x0f\xb0\x0cp\x99\xce\xe7\xb9\x86\xbe~/\
5\xfd\x00\xd7\x0b\xbeK\xd9\xbd\xa5s07pcB\
\x82\x16:\x1f\xe6\x11\x99\xd7\xa3\xbf\xbc\x1c\x8ez\x95\x01\
\xd6f+\x19\xfb=\xcb\xf3\x5c\xae\xcf1\x01\xd7\x0c\xd7\
\xbd\xe6\xb1\xb2\x806E\xce\x9e\x94\xa0D&\xb8\x7fO\
\x06\xbd\x02\xe7|\x8c\xdd\xe3\x22\x9b\xbb\xa5Dd\x80\xed\
\xfbA\xec^\x8d\xefG~j/\x0b\x0fa\x5c\xc0\xf3\
jW=\x83Y}\xe1\xf4T_\x98+f\xb3\xfbN\
\x1c\xf0\xf9\xac\x9b\x1f\x93\xe2\x11\x84{\x11\xff\x85\xf4\x1a\
\xa4\x88\xefz\x97\x01\x9e\xed\xbe\x19\xb5\xdb}\xe4\xa5\x96\
\xc8\xe6\xad#q\xdf\x11}QP.\x1e\xfa.a\xef\
\xf8\x8c:e\xb6(\xf2\xf4\xe1\x89\xee\x13\xa9\xae\xa7\x99\
\x0ch\xb9.@\xfd\x0fAmy\xdf\x01\xb6\x1a\xe2\x9e\
M9\x03\x9ey\xdb\x0f\xeb\xae\x9f\x0e\x8d\x9f\x8e>\xfb\
\xa6\xc0\xcb\x93\xea\xca\x00\x87\x09\xa6\xed\xb4\xe0\x7f\xa1\x1d\
\x9f\x8e\x03u\x01\x0b\xb8\x98,\x1f\xa1s\xbc\xa4k\xaa\
\xaf\xd1\xd6\xb2v\xf0\x04\xe2\x8c~<\x12\x198\xa5\x86\
\x0c\xb4\xe2\xce\xf9j{\xd6\x93\xdd\xb3\xc5}\xfb\x05Q\
\x9c\x0cT\x01\x8c\xa7\xf6\x9d\x8f<\xd3\x1d2\xd8x'\
\xa2\x88\xea,\x9d\xfd\xa3I\xa4\xfd\x08\xe2\xdc\xc6\x8a\xeb\
\xcbfj\xc8\xc0^]\x9e\xf5\xcf\xf2]\x0c\xba@\xa1\
\xcd\xef\xcf\xd9\xac\x0f\x979 \xf6\xe3:Pk\x14P\
\x1bJ\x0f\xe8k\x15\x0a\xedk\x91\xc4\xcb\xb2'\xe1\xce\
\xecR^\xaa:\x0e\xbc\x00te\x7f\xa3\xa38\x1fX\
\xa7LQ\x98\xd0\x06\x88\xf6\xa0\xb9\x1f\x9a\xcdO\x87\xf8\
\x0b\x10A}\x22\x0a\xe9\x8ak.Q(Kw)\xef\
\xdb\xd0\xf3\xbb\xaa\xc9\xc0\x1b\xc0H6\xd6\x8b\x0e\xfd\x80\
\xb2q\x0c\xa0\xe3@v\x80t\x8f\xaf\x12\xdcm\x01\xc7\
>\x8e\x05j\xe9x\xe7h|\xb3*<?x\xe8c\
\x11$\x07\xe6\x5c\xfe%\x9d\x03\x0a\xe7\x82\xe2d\xe0/\
@\x17V\x07h\xa3\xfb8OO\xfc\xc3I\x0e\xc6\xea\
\x10\x85\x0b\xcfo\xf8kzn\xfb\x03\x02\xfa\xb9\x87\x00\
\x1ag\x05\x84\xd3q5R\xb2\xa7\x06\xbcWt\x15\xca\
\x80\xa5*\xfa\xc0n\x8c\xef\xae\xcfX?\xfc=@i\
9\x88\xdd\x0fB\x1f\x9f\x8d\x80\x17\x1fy-\x03\xf4\x7f\
\xd8\x0d\xe8\x02|\xae$\x8du\x82{\xaa\x22\x89_t\
q\x17_\x06\xe8\xb9>\xd4\xf3\xf7\xd1\xf9\xfe\x0d\xed\xf7\
\xc8\xfb\x1f9\xdf\x7fgS\xfd\xfa\x03I\xf9/\x8a\xe0\
\xc7o\xa8\x06\xe8\x0f8L\xd74\x1f2\xdf1~\xe5\
Q\xc0\x08z\xbeUV\x87\x12E\xaaEo\xbe>@\
\xfb7\xea\xf9\xdd\xe8|\x8f:_\x1d\x17\xde\x5c\xe1h\
\xae\x7f\x9f\x10l\x03\xc7{f\xd6J~\xfb>\x05\x8c\
\xa2\xb6\xc3\x7f?0\xbe\xffG\xf5z\xf4{\xfb\x92\xa3\
O\xa1_\x9cd_U\x93\xab\xd0\xbecE\xf8\xb6\x1e\
\x0eN:\xb2\xff\xa9\xaf\x17D\xf1}\xbf\xf8r\x80v\
\xa3a\x80}\x80\xe7\xe5\x9c\xefh\x1b\x8b\x03\x8c\x03\xd4\
\x93\x8e\x89\x01\xb4\x8f\x04\x81\x0c\x04GhMkg\xf6\
|\x8f\x05\x1d\x07,\xd8\xfe\xeebJ\xf9\x0ec\xbeC\
\x87\xd2\xf1\x05\xc4\xeb\xcf91\xe4\x91T7\x0c\x17\xfa\
\x07\xf5\x04\xac\x00\xdc+G>\x03\xef\xe9\xbe\xf8z\x80\
\x1d\xa0N\x11_\x99\xb9\xa1\xac_\xec\x87t=\x16\x85\
\x91'\x01Q\x12\x1b2\xff\x1cH`$\xea??\x02\
\xa6Q\x1b\xd2\x932\xba\xbf\xfc'\x9d\xdb\xbd\x01-\xb3\
$>2\xd2\xb5\x1c\xde\x1f\x05\x84\xb2\xfbh\x1f\xf2\x95\
\x15\x14\xcd\xaek\xb3\xd8\xb5-o<\x90\x8c\x11\xb5\xa8\
-q\x0e\xd5\x132\x0d\xd8\x8e\x80\xe3U\x0e\xb5u\x04\
\xb1\xba<\xfa\xbf\xf1\xda$\x9d\xdf\xd9\x7f\x8b&\x1f/\
\xfeZ\x81\xc6\xfa\xe0\xce\x81\xf1\xce\x80g\xfa.\xe5d\
\xa1\x0d`\x12`\x03\xf57\xfa\xb3\x14\xe5!\x9f\xda\xe8\
\xaeR\x1fv7\xba\xbe\xfd4C\x14*\xd0\xe3y\xed\
\x01\xde\x7f\xbc\x8a\xf1-\xf3\x09#\xd9A\xbc\xfe\x22*\
rN\xac2\xb5)YR_\xc3H\xaaW\xdd\xa4}\
\xf0\xa5\x0e\xe5\x02\xdf\xf3\x8a\xceC\xb7\x00\x09\xd4\xdfm\
2\xa03\xe0\x1b\xc9\xd8.\xf0{\x0eZR(\xc7\xa2\
\x8f<\xd7\xf8\x9c \xc6\x00b\xf7\x16$k\xa2L\xf9\
\xfe\xe5h[\xaa\x0dh\x02\xb0\x06\x8c\xa1\xf6F<C\
|\x90\xdaS\xefR\xd9\xc0\xf8aox\xf1c\xdf\xd3\
\xe7\x7f)\x8fS\x01\x97\xa8<\xad\x05\x04\xd2=M\x1c\
\xcf\x9b\xa2\xfe\x06:K\xc5\xa2u\x88,\xb4y.\x88\
$\x99~e\x9d\xe7\x81\x0c\xff\x22\xc4Z\xf0\xdcP\xf0\
\x5cK\xf0l\x22x6\x16<\x1b\x09\x9e\x89\xf0\xb9\xb0\
\x02\xa2@|.\xac\x00\x14\x09\xbf\x02P$\xfc\x0a@\
\x91\xf0+\x00E\xc2\xaf\x80\xe4YZ\x81\x02\xf8O\x84\
W\x81\x02\xf8O|\x0a\xe0\xb3\x88W\x81\x02\xf8S1\
\xaf\x02\xf9\xf0\xa7i\xbc\x0a\xe0s.\xaf\x02y\xf0\xd3\
<\xc1s>\xef\x19\xfe\xb6a\x81\xe0\x99\xdf\x804|\
\xb5\xa8\xf0Y\x8c\xcfb\x99g\x13\xfc#\xae\x81\xec\x9f\
\xe6\x166\x90m{\x9e\xb4\x81\x05\xecs\xbe\xb4\x81\xf9\
\xecs\x81\xb4\x81y\x12\xdaH\x1b\x98&y\x16q\x0d\
\x14K\x9e\xa5\x15\x90\x9c\xfb\x91V \x9f>s\x15H\
\xa3\xcfX\xa0_\x97<\xe7\xb2\x15 \xd2g$\x0b\xf7\
\x9f\x89\xe4E\x0d\xf9\xcf\x05X\x01\xde3+c\xfcg\
\x11m\x06\xf7,\x86\x0a\xf0\x9f\xb1\x02\xfcg\xac\x00\xff\
\x99\xe3\x0b\xf7\x8c\x15\xe0?c\x05\xf8\xcfX\x81<\xfe\
3T@\xe6\x19* \xf3\x0c\x15\xc8\xe5?\xc3\x83;\
\xff\x19\xfe\xb8\x11\xff9\x9fw\xae\x8a)\xa4]\xa1\xac\
\x0a\x9fE\x82g\xb1\xe09M\xf0\x9c+x\xce\x13<\
\xe7\x0b\x9e\x0b\x04\xcfL1\xff=Oy}\x04\xed)\
 \xb2\xcf\xf9%\xfc\x9c\xa7\xfa\xb3\x91\xbc\xe7\x5c\xc5\xcf\
\xc6\xf2\x9e\xd3\x14?\x9b\xc8R\xab\xc8s-YnK\
\x9ey\xd5m(\xe7\x99O^kA\xf3\xad\x05\xcd\x0d\
\x94\xad.\xfb\x9c& \x87H\xd0\x5c\x22\xfb\xcc\x7f\xbd\
\xb1\xe0u&\xb2\xad\xc1g\xfe\x9fcsDD\xb6\xfa\
D\xf0\xdfe\x9eM\x04\xcf\xc6\x82g#\xc13\x11>\
\x07\x0a\x9e\xad\x8b<\x8b\x04\xcfb\xc13\x9f:\x22x\
\xe6\x0b\x83\x18\x9ey\xed3I\xe3\x0dt\xd8\x9a\x5c\xa4\
\x7f\xe1\x07`\xb2\xb0\xe6\xd3'0\x1f\xe9\x9f[\xd8\x98\
\x02\xc2\xa7\xaf\x89\xa0/6dd;[ #\xd3\xd9\
y\xd3^\xa1\xe8\xf0~ \xf9\xf3E\xfd\xfb\xf6\xaaQ\
\xf5\xab\xaa\xf0\x0f5\xfa\xf4\xee>\x10~\x87\xbf%U\
*\xc3m\xb4\xc7\x0eg|\x9a\xee\xd1w\xb0Q\xca\xa6\
Y\xab\x08ig\xdd\xa7{\x97\xc1>w\x9f\xaf\x9d\xbd\
\xc6\xd1i\xf6\x8b\xe4\x14\xdf\x9d;\xff\x181\xdciH\
\x93#\x1bM\x7f\xa8w\xb4\xea\x99\xb6GD}:\x9d\
\xa9w\xe0\xfe\xd7m7\xcc\x08\x0aZ\xe9\xf3\xaa\xea\xa1\
\xdaqS\xe6uyTaS\xfc\xfa\x9f\xaa\xae\xf2\x09\
\xdd=\xed\xcb\x0a\xc6\x8b\xa7V\xae\xe8\xe8\xb2\xf2\x97\xbf\
~y\xb2\xf5\xbf\xcc\xa9/<\x99\x0eC\x0e^\xbd>\
f\xcc\x90\xd4\xc3/\xdf\xbd\xf7{\xda\xbam\xea\x90\xed\
\x0f<\x13\x02\x92\xffm\x91\xf2\xce2\xd8\xe1\xce\x11\xaf\
\x89\x16\x8d\x9a\xcf\xf8\xc78\xf5\xdf\xb8\xc5?\xfc\xaf\xce\
\x99\xda\xf5\xeb\xec\x9aR\xb7f\xaf\xc7\xfd\xe7\xcd\xed_\
3\xf8\xe8\xff\x99\x90G\xaf\xce6oU\xd1\xf1ix\
\x9bF\x7f\x16\xc4\x90\x90g\xcc\xd0g\xe1U\xfbW\xfc\
\xa7\xb3\xd1Jc\xe7\xa0\xfa\xe3\x9b\x9d\xaf\xbb\xe9^\x9d\
\xdf\x8d?\xff\xfc\x87O\xef\x11\xd3\xfe\xd6G\xaa\xee\x18\
b\xf9\xe3\xf0\x01\xedF{9\xc6\xb5\xdc\xbf\xd9~\xcb\
\xfbn\x1dH\x8b\xf7y}\xedV6\xfd\xea\xd7o{\
\xbe\xae\x9d\x18lZ\x7f\xf0\xd9\x1e#\xf6\xe6\xda\xa5\xd5\
KsM\xdb\xf1\xf6\x91{\xda\xf8\xf1\xf3R\x83/\x93\
\x07U\xdbX\xed\xb0\xf6\xdb\xd0sb\xf5\xe8Wg\xdb\
\x8d?\xd8hu\x97\xf5\x03\xaf\x8e\xf8zP\xe3\x9f\xdb\
\x0ez}\xe8L\xfbs'\xbb\x0d\xb8\xbc\xaa\xc3\xee\xc4\
\xc0*g\xa3\xdc+_i\xfcu\xca\xc3\xb0F;N\
%\x06l[7\xbf\xd5\xb23\x07\xa7\xf4\xe8X\xc1\xa7\
S\xee\xfd\xb7\x8f:6\x998\xcexidHR\xc3\
\x90\xdesj}\xff\xe9 \x9f\xba>\x15}\xea\xf9\xd4\
\x9ePmS\xa5\xc37\x1c\xc3\xf7F\x1fnT!{\
\xb4O\xf7\xb8{/\x86\x13\x17b\xef\xf1\xfb\xa9\xba\x93\
\xab\x7fz\xb6J\xd5*?,\xdeQ\xdf\xc8*\xa4\xfb\
\xe3\x96F\x01\x9fu\xf8?\x9f/\xf6-\x7f\xfc[\xa7\
\x90\xbc&\xdd\x16\xf5I3J\xeb\x946v\xbeI\xf7\
\xdb\x93\xaa;%^\xf8z\xd9\xc6\x91\xab\x9a\x7f\xf6o\
\xfa\x92\x9a/f&~\xe3\x9bV}\xbcQ\xbbu\xc9\
5\x8cO\x1dx\xf7\xc0y\xc8\xc0\x89\x7f\x1e\xdf\xf4O\
\x85\xb4L\xf1\x22\xf1\x92\xa0\x93\x22\xef\xd4i\x9e+\xfe\
gt\xbd\x89\xb3\xfb\xb0\xf73\xf6\x86\xfcu(\xb8\xe5\
\x0f\x1b6\xeco\x1c\xbc\xba[\x8e\xd1\x1a\xa3?O\x9e\
Y\xd4\xa7n\x8f6\xf1m~\xd8\xb0ss\xe5\xb0.\
\x8f?o\xbe\xb7B\xc0\xea\xc75\x93\xefVJ\xae\xf7\
}\xd4\xecy\x16A\xeb\xbf\xbb\xbf\xe0\xa9\x83\xf3\xed\x0b\
\xf7VU\x127\x1f|\xe6\xa7\x86\xefs\x22C\xde\x99\
\xff\xd6\xe1\xaf\xc5\xc6+\xfc&\xfe\xf8\xd5\xe9\x95\x1b\xdf\
\xee\xb3|\x92\xbe\xb7N\xfa\x9b\xaa\xcd6&-x\xdc\
\x97\xa9\xfe\xd6\xe5\xcf\x07S\x86G}\xbep\x9cQ{\
\xe3\xf6F\xc9s^e\xed\xbfc\x7f6\xa6\x8e\xfd\xc5\
/\xd2\xd6|\xd2~\xfa\xbe\x81\xbbG\x1a\xe7];5\
\xa8\xc1\xeb\xa5\xf7f\xbb>\xbd\xd9\xa8\xd1\xba.\x8f|\
\xaa\xfbt:\xf7L\xf4GdHA\xc4M\xbf\xb5\xcb\
#\x7f\xca\xad\x9d;(\xadW\xd5\xd7[\x7f\xbas\xfb\
F\xe0\xd7\xdb\xc4\x07\xa7\x1e9\xb7\xe7\x87\x9f\x9a\xed\xfa\
k\xc9\xfb\xd3\xd5\x9a\xd6\xa9\xf4cp\xa5\xa57\xdb,\
ph['\x7fu\xd0\xb0\x0a\x0b\x7f;3\xe5z\x8f\
\x03M\xfe\xad\xfc\x87q{\x92\xdc\xf3\xd0\x82\xaa#\xc7\
\xf5\xf5\xde\xf5\xc9\x85\x93;\xf3\xa2\x02\xff\xdb\xec\xd9 \
\xe0\xf6\xcc\x03w\x8c;\xc7\x88\xe7n\xec]s\xe8\xd5\
aF\xd3M\xc6\xf6;\xd0)\xf9\xd3g\x7f\x85\xbd\xdf\
,\xae\xeb^\xcd\xbd\xad\xfbu\x87Z\x07\x9e\xb7\x1f\x1b\
\x91\xefaY\xe9f\xbdN\x7f.\xa8\xf2\x8d\xc3\x86\x1a\
i\xd7\x16\xf5Y\xdayw\x1f\xcbug\xc6VM)\
\xa8|~\x92\xb8a\xc4\xc5\x07\xe1\xb3\x12\xd7\x86\xcd\xfe\
;h\x9c\xf1\x1fd\xd8\x92\xdcqC\x7f\xad_\xa9\x9b\
\xd9F\xf7\xd8g\x9f\x1f\xba\xd4\xf9+\xf1\xf7\x9f\xdd\x0b\
\xd9\xbf\xa5M\xa5\xe6U\x1cv\x14\xb4;g\x114\xa8\
w\xe3\xbf\xedF5\xcc\x18\xdegf\xc4\xc5\xcfG\x7f\
\xbf|\xd4\xc4n\xb7\xaa\xfc~\xea\xdb}\xe9\xd1\x97\xab\
\x8ct\xdaP=-j\x91[\xf3\xc5\x03\xe6\x0e\x98\xdb\
v\x8eh\xc7\xb1.\xe9^i\x87\xc5A\xa9\xd36o\
\xfe\xd9F\xfc\x5c\xbc\xac\xca\x1f#V\xb6\xa9\xda\xb8r\
\x8f;\xad\xd2\x83\x97.?\xdf\xb9\x9e\xf8\xcc\xa2\xe7\xbf\
\xaf\x10\xf7\xac\xf7l\x82}~\xf5\xb4\x9f\xc5\xeb+\xec\
m|\xc7\xf2Q\xbd\x06]\xd3\x92k\x1f\xab\xf1\xcf\xd1\
\x1d\x03}\xcc\xda\x1e\xa8|*\xb8\xea\xd7\x9d\x9eTX\
\xbaj\xeb\xde\x1aiK\xb2\xa7\xf7\x9a\x18\xde\xe1\xf3M\
_\x19\xff\xea\x12\x92s/h\x96q\xcb\xef\xee\x98f\
\xd7\x1b\xfd\x93\xbbu\xae[\x9a\xc5W{}\xed\x06\xce\
>\xd5t\xc2\xddi\xae\xfb:\xf8O\x22_\xa7\xac\xb7\
+x\xf9\x7f\xc3\x1d\xfe\xde\xdd\xb1{\xfa\xeb\xa0\xe4F\
#\x12S\xbc\x12C\xc3>\xef\xd1\xe7\xbf\xef\xf2\xa3\xab\
\x0e\x1b\xd1\xf2\xee\x9f=\xfeW\xa5\xee\xc0\x13\x0b\x96\xbc\
=Y\xe5\x81\xc7\xfd\x85\xf1\x05\x8b\x9fux\xb3\xf7\xe1\
>\xdf\xd6\xbf\x0ep\x8e\x0b\xffw\xd3\xb0i\x99\x89\x0f\
\xdfO;k}po\xf5\xb4\x8cE?oy\xf4\xed\
\xc4\xcf\x8c6\xec\xeb\x9b\xe6&\xae\xdfd\x8c\x7f\xb3\xfc\
\x9b\xa1\xdf/j\x96\xd7\xf4\xfc\xac\xde\x17f6\xb6\xff\
b\xd6\xcfSs\xaef\x9e\x8c\xeek\xf9\x99\xe9\x06\xd3\
F\xe3\xf7\xa4\xd5\xb77\xee\xed\xda\xf5\xd9\xff\x1a\xdb\xfc\
\xe0\xb6\xe8\xbb\xf4,\x8b\xe4\x07\xfbS\xfe\xfa\xda\xf8\xb6\
\xcf\xf1\xba;\x7f\xffb\xd0\x8d\x9a\xdf\xfec\x9e\xd6\xad\
\xc9\x94\xbc\xb9\x09\x8f._\xfd\xaa\xce\xef\x8e\xe9\x99!\
\xf9&;g\x93\x86\xe1\xdd\xb6\x9eHl\xb6.\xf5\xf9\
\x7f\xcf3\xb6|v\xb9\xa2Qh\xe7\x81\x0d\xaa&U\
\xcd\xccl\xd2\xb1q\xdd\x95\x15\xe3\xc7\xc4\xac\xef\xb5\xfc\
\x97\x98\xed;NlKl\xf9\xe2\x5c\xf6\xeb$\xa3\xd1\
\xe6\xa6\x8bz\xfd\xf3\xe5\xcd\xf1\xbd\x9b<O\xae\x98G\
rkF\xfd\xd4\xb1\xe6\xd9\x82\x1d\x15\xac\x8d\x0a\x8c\x8e\
\x0c\x88\xec\xdf{\xda\xc1\xa3\xad\x06\xf8\x5c[\xf4\xc2x\
H\xc5\x81U\x93M\xd6\x18'\xc5l\xef7r\x85\xc8\
\xa2sr\xa3[\xf77,\x18.\x1a\xf5W\xc2\xee\xe7\
\xed^\xee6\x9a\x9a\x9fW\xd3kL\x8d_\xb7,2\
\xea\xd7\xe1\xd3\xccT\xf1\xb8\xa8?OyvX\xe5T\
\xf9H\xd5\xf4)\x93\xbey;$$\xbc\xbb\xe9\xd3\xfa\
\xedF\xdf\xfe\xe6\xbb\x0eON\xbdn\xbb\xce\xb9\xff\xfb\
F\xee\xff\xb7\xe4\xe1\x95mA\xfd\xea\xbd:\xb6q\xa2\
C\xdb\xe5\xf6\xb3\x0e\xb5o\x90\xd3\x07[\xfd\xf8\xaf[\
\xbf.m\xfcvf\xcc\xc1>\xff=Lt\x1f\xd3k\
\x97e\xc5\xfc\xb9'\xe2\xba\xaf\x8c~kw\xef\xce\x8f\
I#\xdd\xaf-r\xb9\xb5\xbeO\xe5\x9b\xb5\x8c\xbf\x8c\
p\x5c<y\xc1\xa4\xb4\xd4\xaf.\x1c~\xd0\xfb\xe2%\
\xeb\xc4M{b_\xc6\x18\x8d\xf6{P\xf7\xec\xb1&\
)\xd1\xaf\x7f\xfb\xce\xe6\x93_\xcf\x1d[\xb9e\xd4\xcb\
\x85G\x22\xc6\xf4r\xa9\xd2{A\xa5\xc0\xe9\xf3F\xd5\
\xdd\xf4\xed\xc3\xda\xdb~n86\xe8JFt?\xcb\
\xb9\x09\x7f\x9a\xed\xf4\xab\xb2r\xc3\xec\xbf\xdb\x1f\x19p\
uV\xf0\xc5\xff\x9b15v\xcf\xcd\xa0u\xa6\x22\xdb\
\x16+m\xbej\xb2x\xe7\xee\xcf^\xa6\x04\xd5\x8a\xde\
r\xd7\xa3\x83\xf9\xa5\x9aiU\xeb\x1c\xfb\xb4Z\xf4\xd8\
\xa8\xf5\x8e#|\x8d\x9b\xad\xf5iZ\xa1J;\x87\x9b\
\x87~\x08\xe8\x9dU\xb1o\xaf\xf8\xa6\xc9N\xdf\xbc\xb6\
\x0f<\x96\xd9\xce;\x95\x1c\xb3\xdc\x1fm3\xf8{\x07\
3\xcb\xc0\x9c?,k[\xbe\xc8\xac\xd0\xb0R\xdf\x93\
??\xeb\xb8\xfc\xcbjS?\xcd[\x1a\xb4\xfeT\xed\
\xd3\xff;}\xea\xda\xdf[\x9a\x84NK>4+\xfb\
\xe1|q\x8f \xf7\x82}\xf3\x99\xa9\x0e=6\xec\xfa\
zb\xbb\xb1\xadz\x8c_vhE\xd7\x98\xbfM\xe6\
f\xfb\xf7O\xb3\x89\xaa\x1f\xd0,\xe0\xac\x87\x83\xe8\x8f\
\xe6\xf9\x9e\xd5?\xdb\xd1`\xf9\xe2\xa8S\x8e+\xdae\
m4\x17\xff\xdel\xdd\x80\xe4\x7fg\xf5\xcc'U{\
97\x8e\x0e\xbb\x97\xb4p\xd6iR7\xf3E\xcb\xbb\
\x0bvdl\xf5\xeb\xfex\xfe\xad\x9caA\xc9&a\
\xcf{\xaen\xb0k\xd5\xdc\xa0\xf0o\xdf\xa6T\xdd[\
\xdf\xa1J\xa5\x16\xef_~6\xfa\x9f\xbf\x9f\xc4\xd6\x5c\
\xb3\xf4\x8d\xd1\xd4\xb3\xa7\x1ev\xbe\xde\xae\xcf\xce\xdb\x95\
\x7f\x9cFV\xd8\xd9\xfd\x9d\x19~)\xfdt\x05\x9b\xbb\
g~\xb5\x1e\x98i\x93\x96\x22J_6-\xfc\xe4\x80\
\xb3dz\xc5\x82\xadK\x93\x8d\x1c\xf7T\xae\x7fJ\xbc\
5{\xfa\xf4'\xa2>q\xe3\xc8\xa5\x1d\xabj]\xeb\
\xf2\xb7q\xf4\xa7+\xf7AO\xb9Vm[\xab\x1fN\
Mj\xb8\xff\x9f\xeamGW\x19]9\xc9\xf5\xfb{\
\xe9\xee?\x89\xaf6__\xe9\xbd\xc9\xe0us\xb3\xe7\
\xdeN\xb5\xbdn\x7f \xdb<\xb9\xe9g\x01\xeb\xb7x\
f\xb44\x9e\x15q\xc0\xf2;\xb7{\xe6W\x16\xdbW\
h\xd7b\xbc\xe3\xc4k\xb7|\x7f=\xf10\xf2q\x9a\
\xe7\xa2\x8e\x0d\x8e\x9eo)\xfa7tY\xc3\x11\x9b\xbf\
\xb2=\xf0\xc5\xfbc=\x9aV\x99\xb5\xf7\xdf\xd5\xd5'\
[\xdc}\xbe\xd7sI\xf3\x17\xfd'$T\xbd\xef=\
\xecY\xb4\xe8\xc24\xf2e\xbf\xa9\xc7\xafW\xb7Y:\
qP\xf0\x9b\xb9o+u\x0c\x88\xb7\xbe\x97\x9eC\x06\
\x89\xb3k\xff\xd6\x7f\xab\xe5W\xb7vl5[\xe3\x9f\
>\xe0\xdfcy\x8f?K\xe9\x1c]\xd5\xa4\xfe\x90\xe5\
_=\xbe^\xddS\xec;(\xeam@\xdb\xdf<\xde\
Y1\xb7o\x1d_\xfe\xea/\xdf\xdf\xdf\x0c:\x15\xb9\
p\xe2\x80\xc8\xc3\xc1o\xd6\x8b\xffp\xcf\x98\xf5\xb2\xd6\
B\xe3\xf5=\xde$\x89\xeb\xdc\xbcX\xc5uq\xe8\xab\
#\xcb\xac&\xd9\xe5}\xb2j@\xe6\x5c\xaf\xb1\xf9=\
\xd2\x1a\x0f\xfe\xed\x13\xb7y\xcd\x9e\x9b\x9cn1\xaa\xd6\
\xf8Go\xee\xf5\x17\xd7\xeb\x92\xfeK\xf3\xcf\x9a\xd4\x9f\
s\xff\x9fu\x9b\x1b\x0eH[(>\xdb\xeaj\xcb\xd3\
\xdb\x8cR?\xefp\xc87v\xfd\xd2\x9d~\x11\x97\xc3\
\xde|[\x87iV\xe7\xcd\xa76\xe4\xfc\xb6v\x09\x05\
5\x96\x7f\xff[\xc0\xa3J\xd1}\x9a5\xcf\x0c\xba\xf9\
\x99\xa8e\xe4\xee\xe7\x89\x1d\x02z%7\x16\xcf\x10\xef\
\xea\xff\xef\xe3jY\x9bzm\xefe\xd9wvj\xaf\
\x1d1UC\xff\xf8)9\xef\xdb\xce9!y\x13\xea\
/ \xa1\xbf]\xbd\xb3\xde\xb2\xc2\xc4w\xceiL\xc4\
O{;4\x98\x0bS\xee^k\x9f\xf1O\xadn\xf5\
\xbe[/\xbcC\xd8\xf8\xad\xa7jMM8\xf8\xdeM\
\x5c\xc3|2\xa9\xf1\xf7\x12\xd3_C?\x8bf\xbe9\
\xd2 \xeeTv=\xcb\xb0\x0a-\xda\xdd*p;\x7f\
ai\xa7\xfd\x99\x97\x07\x8f\xc9\xff\xec\xe5\xff\x97l\x95\
QmuM7!\xb8kq\x82{\x8b\x16(\xeeN\
\x91b\x05\x8a\x17(\xee\xc1\x09V\xdc\xdd\xad\x14-\xd6\
R\x1cR\x5c\x8a\xb5\xb8\x94\xe0\xee\x16\xfc\xcb\xf3~k\
\xe5\xcfM\xce\x9c\x99\xb3g\x9f\x99\xd9k\xe5&#\x80\
:\xf9\xe2YUItc$zs\x1d8-\xa8\x99\
\x9f\x97\xa6\xbe\x0b~\xed&\xd5\x8b\xad*i/X\xf2\
Si\xb4\x964\x8b\x93\xe9c\x9e\xe8\xa7g\x84\xd6\x80\
$\x89P\xb7\xc2\x82\x0f\x10\xcd\x1a\xe4j\xdf\xc1d\xc9\
M\xb4\x8e\xf0\xc6X\xb0\xa8#\xc0\x92\xdb\xcdi\xac\x18\
\xb6 r&\xe6\xf7\xd9\xaf\xf2\xa6\xadeC\x849&\
\xb0\x84]\xbd`\x89\x90Z\xc90\xfe\x86\xf8\xb9\x16\xa2\
\xc6\x18`\xa5\xf3\xa5C\xb0r\x9apo\x9a0\xfbr\
\xa8\x9e\xaf\x92\x00\xfc\xbc<\xb7\xe0\x0f~\xd0n3z\
9=V\xec\xa4/\xff0i\x01\x92\x96I\xb7e|\
U\xb0:\xe5\x84Z\xdf'\xc4\x1a\x13\x10Z\xafH1\
\x1b\xc5X\xc8\xfe\xf6\xcfP5g{\xc4\xbf8WP\
\xa8\xdf\x91\x0fQ\xd8N\x19\xc5H\x9co$\x9dg\xdc\
M\x0ayW\xf6=\xdd\x03V\xd9\xb9I;k\xbd\xe5\
z\xe4[ji\xd9\xf4/\xaea\xbd\x0d=C\xb5b\
\x01\x84\xfa\xa7a\xd82\x86,\x09r5\xf1\xc5\xaf\xfe\
\x05\xae~\x9f\x9e\x80~\x11&R\x00jo\xbe\xfb\xf6\
\x82\x82\xd2t\xf4l\xe2\x91\x96.`\xf3ELY\xb6\
\xbe\x86\xb9B?A\xbe\x10t3\xaf\x10\xe5\x18\xf5\xed\
\x87\xd9\x0c1\x1ai\xb9Km\x1a8\xc6\xc7\x80nu\
\x0a\xfdh\xa7\xf0\xaa\x8f.!<J\xf3\xb1\xe6\xaf\xbf\
\x1aq%\xbdMt]\xe6\xeb\x1e\xb3\xca=)\xd2\xca\
y\x9b\xd1\x93k\xdb\xdfO@+\x04\xfd\xc1\x83`2\
\xba\xb4\xec*\x1a\xce\xd9\xbb\xc8|\xc4\xa5\xa9&\x04\xa6\
\x89\xe0\x9f\x85a\xbf\xee\x8e\x02\xebFm$u\x9e\x9c\
s\xe5\x9e\x0c,F%'\xbf\xa6\xb9\xaf!\xf1]\xaf\
l\x1f&\xf7\x16\x5c\x22\xd9\x8dA\x14\xf7\x86\xbc)\xef\
x\xaa#z\x8dk\xc0Z\x18\xc7\xef\xe0\x02j\xbcR\
\x8af\xfe\x0eQo\xbcl\xa1\x91#\x18\xe4\x94\x9e!\
\x0e'S\xddz\x13S\xf6\x89s\x86\xc6\xc2\xf0\xdb\xea\
Q1F\x8aI\xb2\x0a\x81\x80P[\x82*K,X\
\x9f\xfc\x00\xcbS\xe3\xa1\x1e\xd7\xc0a\xa3\x8f\xb4\x04=\
=\xaba,\xf2\x9d\xdf\xec5\x1f\x88\xa9\x22\x81\xc3\x1d\
u\xf7{\x88-h\x82a\x8fA<\x96\x99\xb6\xb1z\
cg\x9e\xc7\x8dF\xe7BM\xd7\x01-\xb4\xde\x08\xfc\
\xf7\xe6U\xa8\x16\xbb\xc6\xc5|*D\xe7\x02\xe7P\xc9\
\xfe\x03\x99\x14w\xea\x07S\xef\xaf)RO2\x9fm\
\x08\xfa\xfcbd\x0e\xd4\xb8\xb0\xb0\xa3\x9a(\xaf~S\
i\xe33E\xd7\xfaq\xb8\xa2\x0c+\x16\x87\xb9u\x86\
\xeb\xbd\xe5\x8f\x05+J\xce\x18%\xdb7IS\xdc2\
\x7fzh\x0b\xcet\xc9\xc8n}\xe9\xf8\xcf\x9d\xc0B\
w\xa9y\xe5\x03\xb9\x94\xe7\x9a\xaa\xa9\xdf\x93>.!\
\x93\xf9\x97c\xf4\x91\xdfS\xdfi.\xa7\x7f\x1dh\x15\
\xb0\xf4pASC\x0c@J\xa0=\xb2n\xfe\x84W\
\x0c\xedm\xb7\xe9\xf6\x059fU\x89G\xf7$\x0eV\
\xac\xcdR}\xd3\xe3\x917\xe2\x89\x05\x84R\x97\xd0t\
\xd6\xce\x88{\xca\x1c1L\xe3\xbaiz\x94*k\xd4\
\x04\x19\x11\xca-Rb9\x91\x9a\xa5#/n\xf2P\
\xfb8\xb0n\x85\xae\xc7\xf4\x83\xce\x04\xe4\x22W\xa2\xce\
\xe8\x1bl\xb6\x12#{\xd4\xa9w\xb1\x02`2\x8f\xb3\
\xaei4g\xf5_srsT>\x1a\x81T\xb1\xdb\
\xc8O\x92\xa7\xe8\xa2<I\xa4<\xa2\xd5\x1a\xf0\xd2W\
\x18!9\xd0\x9a\xd3K0\x02b|\xe8\x9cp\xf1v\
\xe6\x12X(/\xb1t\xdb.\xd1yy\x9f\xbd\xf6\xdb\
\x87\x9d\x11\x09\xd1%\x5c\xe4~9\x16\x7f\xf5*\x00\x89\
\xba2\xb6\xa3.\xdaq\x9a\x9b\x7fy\xc6&5}9\
\xa0<5\x0d\x15\x92\x1er\x9f\xb2\x02ypg\x89=\
\xc9\xac\x8f\xbf\x9b\x07}\x8e\xb2\xb0\xb6~\xb9\xf1\x14\xf2\
O\xcb\xef2\xaba\xbf\x8dh\xa3Lnqtg!\
\xfb\xa7W;p\xac\xf1\xecAb\x1f\x8d*\xc4\x10_\
\xfe\x90\x03\xe6\x0fMu\xa5\x8c\xb8G\xd7\xeb'\x18I\
\xe3z\xf3`\xae\xd5v\x87C\xa2\x00\x14\xf8\x9e\x8b\xc5\
$\x85\xdd\xbb\xf8\x5c\x90\xbf\xe4\xbd\xb6\xbbk\x04\x06\xcd\
\xad^\xee\xd56U\xbb\xe0\x16\xfd\x1a\xb8`K\x16Q\
|\xc7A\xa8\xa0\x8b\xaf{y\x04\xbbw\xed\x97\xf3\xa7\
a\xc1\xacJ\xe3|o\x1f\xe4\xa6\x87\x19<\x97]\xfd\
\xf1U{\xbc\xfd\xb7\xa8\xa6\x9f\x9b\x18[\xdd\xb7\x89\x85\
\x01\xeb\x8d\xc2]w&z\xd5\x0f\x97\xb6\x99\x9ee\x1f\
\x02m\x01xB\x05Rh\x9c\xe6\xa4*\x0av\x87\xb4\
\xd1\xe7RP\x01\xa8U\xdb\x8a\xe4\xe0?\xf9d\xcd\xd6\
\x94R\x9d1\xa2\xa5\x8a\xa5\xb1=\xec\x88\xf5\xb7\xd8\xfd\
\x9f\xa4\xa36\x5cmgx\xf2|we&\x9e\x12\xcd\
\xa4\xae\x05\xc4y\xc6^B\x02|\xfb\x97\xa6\x9b\xd1'\
\xcd7|\x97\xa6\x0c\x93<\xd5\xbf\x06@\x11\x1b\xad\x99\
\xd1\xfbf\xa0\xee\xc4\x5c\xf0\xae(\x92\x88\x95\xdb\x1c\x06\
\x1e\xf2\xc9\xabG\xdb\x9eD\xc5:\xc3)c\x9a3\x10\
\x06Y\x8a[\x82\x0c\xae\x05)\xf0x\xdc\xca\xd5\xa3F\
\xa6G\x0f\xce\xea\xb2~\xcc\xc9\xac\xd1kzG\xf1`\
l\x19\xad\x06\x8at7\xae\xbbA\xd8*\xbc\x0a\x07\x82\
\xa6\xa7\xd6\xa4\xffE7\x9b\x09\x93s\xc5\xf9\xad&\x1c\
\x83\xccf\xe7\xe7!\xdf\xa5v@\xf7\xf9\x86\xec\xa7;\
\x89=]\x9bj\xb6\xcf\x0e.O\xbfc~~2\x1f\
\x18\x15~\xd8!\x17\xd9\xf2\x0a\x1eS\xb6\x8b\x8eC\xe5\
\xdf^yY\xfc\x0f\x9bF\x95\xd8\xfb\x10;\xa9\x063\
\x06\xac;L\x0e\xd1\xe2\x9c \x1e\x94i\xa6\x9e\x16\xab\
@\x06y\xb3\xd8l\xae\xbe/,o-n\x9c\xd5\xa1\
\xad\xd0c\x95\xf0\xe0T\xb0|\x1dK\xe6\xf0\x07v\x09\
\xb8\xb6\xde\xf0Me_T^\xf1\xa4/\xb1\x05\xd9\x02\
\x0f\xdaW~\xca\xb0\xc6\x80F\xb6\xdep\xce<T\xd1\
\xee\xf0\xc8\xd3(\xa9OH\xaa\x90\xa2\xdd?\x88\xd7\xa4\
sz\x80\xdb\xf7f\x9f=\xf6\xa2y\xdehDd\xe5\
\x9etX*,\x0a&\xa1\x03\x5c\xf7\xfa\xbc9gP\
\x98z7(\x94\x8d\x11rp\xd9\x14\xa7\x91\x04|\xcb\
\x19\x9dod\xec\xe9\xb6X\xbdF\xcd\xb9\x7f\xbf\x1bR\
\x0bH\xb4\xfb\xfes\xd8\xc4H?\x8a\xf83\x0eI\xc4\
\x07\x07\xf4\xaa_K~\xd6\xc1p\xffKk\xf6\xfeZ\
\x08\xaf\x06(h7\xcdLJR,\xe4\xc5\x7f\x8a\x96\
\xb2%\xab\x84\x81\x19\xca\xd9\x7f\xce\xfd\xba\xbbEin\
\x96\x0f\x8cC\x09\xad\xd2\xf9\xb6}2D\xfe\xf3\xb92\
sD\x9c\xb8\xf4ag\xa2\xbb\xe5\xd0\x89\x0a\xe1v\xf6\
Y\x93\x0e\x88IU\xae\xc5\xd4\x9c\x84\x8a\xffX\xb1t\
\xb4\x0f\xa9\x89g\xcf\xf8\x9a=\xe6Tl4*v\xd6\
\x1c\x1d\xc5+(\xfet\x9e<uU\xc8\xae\xb7=\xe0\
D\xeaz^\xcbX::\x08\xa3\x06\xc0\x90\xc6\xf8\xec\
\xa6v2\x88t\xec\x13\x8c\xa7R\xa4\xb1fZ\x8e\x99\
\xa5Psz\x80\x9b\xad\xd9\xc9\xb4\xb1\xef\x8b\x84\xc7+\
\xf5\x98\xe4\xb5\xa6`AI\xefI\x7f\x97\xce{l\xed\
&\xff\x0c\x1a\xe3\x17\xfa\x11@\x80c\xcb\xa9r\x0d\xb0\
\x89\xaf\xe4<\x1c\x16\x09Ej\xd4\x0f\x8f\xf24\x91\x9b\
\xb1b\xc8K\xdc\x7f3\x8aL\xf0j1\xb6=\xf91\
\xc7G~\xa6\xde\xd2^\x07\xa9\xf3\xfd\xcc\xce\x9bMO\
{\xd2\xa6Qj\xb1\x06{\x5c\x001\x09\x0cS>&\
\xc6Y\xe1\xca\x04~\xbf\xe2lPW\xca>c\x14\xb2\
p\xf8_\xf5\xd7#\xebYR\xa1\xf2\xc2z!K\xa8\
\xf8y\x8e\xee\xb5\xf8\x8f\xed\x0e{-\x11\x5c\xca\xed\x19\
6\xeeU-s=J\x00\xec\x0d\x89\x92E_o,\
\xf0\xb7>\xdc$\xa5\xaa.\xc1\x17Y\xc8e-0\x16\
\x1e\x98e\x0c\x8f\xbc=\xee\xa8\xaa\xf9\x16\xfb^HO\
\xa8\x09\x08\xf9\xc1\x0e\x22\xffl\x80\xd9\xd3wt*\xb6\
f\xd8: \xef\x17\x7f\xec\xe3\x02\xe05\xdd\xfe\xe8\x0d\
\xb6D\x96\xba>\xa1}\xa8\xce\xc8C\xf8\xe1\x94\xe9s\
\xb1B\x1e\xcfk\xda\x0f\x9a\xe3\x09\x07\xa7jy\xe1\xfd\
\xc8\x0e\x97\x8d\x84\xe1\x04L-\x06\xd7\xe0p\xc9\x1az\
\xa5)=S%\x08\x80\xe2\x91(\x81\xe8\x88\xc30\x09\
\x00` \xdd\x1e\xd2:\xe4\x83\xd5\xe3\x83\x10d\xee\x84\
\xde\x8dF\xa8\xd3\x88\x911.\xbeV\xcc\x9a]\xe2n\
\x8a\x97\x13\x9c,\xd4\x9b\xd7\x81+\x17\xa2\xe7\x00\x00\xd8\
\x9a\xf9\x88p\xd2\xf3\xa12\xb5\xa9\xc0I`&\xcdK\
3\x1a\x01\xdd\xbfM\x9cs\xa9\x0f 4+\xa5\xce2\
\x1e_\xde\xf5\xc6%\xd4\x88-\x5c\xf0\x9f$\x96Va\
\x8c8\x98^g\xd2:\xcdT\x09\x01\xa0\x1e\xaf\xc4Q\
\xa0\xea\x0a\xf5=7\xd0\xf8\x9a\x9e?6\xb3\x03\xa4j\
\x02\xc3\xb8\xc1p\x1b\x84\x98\x86N\xa7\xdd\x9eYur\
\xb2\x97\x0d\xbb\x80\xf7g$G\xf4\xf9\xbe8\xdav\xe7\
T\xff\x03\x00\xc6\xdbv1\x09\x09YP\x1e\x89O;\
\x9d\x9b?\xb1`\xf5P!\xd1B\x16\x07\xf2\xdenu\
\xc3&\xf9\xe2\x09\x9d0\x17\x89TKO\xebG\x8b\x82\
\xcc'L\xb7\x00s8\x9e\x1bR\xe0\x1c\x18\xb6\xe7\x01\
\xa7\x17N\x87\x99x\x85\xd0\x991\x02\xb0}\x8a\x96\x9c\
\x8c\x9cu\xd3U_\x0f\x9a8s\xcd\x18\x15WR\xda\
+9\xf4i\xcf7\xb6&\xe0\xd6Y\xb0\x0b\x5c\xb3\xbe\
>/\xdf\xa3\x07\x84\xccu]\xf3\x88\xfeye\x0b\xf0\
'\xf4\xe7\xa8\x81\xda\xb6\x12 \xb8UT\xbe\x870g\
\xef.\xc9\x08I5\x8d\x90x\xd5\xa0\xca\x92\xde\xbe\x8c\
T\x8b\xf5\x89\x8b\xa7K:S\xdf\x07\xc9\x88>\xa2X\
\xb2\xe4\x1d\xa9c\xab#\x0d]\xc7\xfb\xd60\x09\xa9y\
\x87\xba\x81\x06^\xed\x1a\xa3!`\xdd\xacQ\x97R\xdd\
\x02/\xbe\x07\xaeP\xe2\xf0&\xa1\xda&\xfe4\xca\x8f\
>v\x0f\xb7(\xc1hBN\xfc\x19\xa9\xa2\xf5\x9cp\
\x5cs\xf0x\xb6Hh\x9a\x86Eq\x8c+\xc7\xa9k\
\xf3\xd24\x87\xee\xcb\xb2\x91<\x9c\xad\x0f\x165\xf1\x07\
b\x00\xe3\xd5\x00\xaeu>!w\xc0\x80Z~\xed\xd0\
I\x05+\x9a\xe7b?%L\x1c\xb5\x80\xc0\xbe\x81\xe3\
D\x12>\x8a\x0b\xab\x92F\xd2\x1a{i\x98\xfcg;\
\x9e8\x97:Md\xb8v{\x88\xb8*\xeb\x1e\x1a\x0d\
wO$\xd9\x87jl\xb6\xce\x9aNSd\xe9\xf5\x15\
\x81\xac\xdb\x11\xfe\x0a\xe7c\x0c\xa0niZr\xb2\xc7\
\x90\xaa\xe0\xcd\x5cRlMq\x12%\x1e\x9b\xe2\xf8b\
5\x13\xa7\x80[\xcat\xc0\xc7z\xa5(\xf3\xb6\x09]\
=7\xd2\x0b\xbd\x1e,\x14p\x8e\xd9a\x84\xed\xe0I\
\x85\xe0\x9c\x84\x04\xda\xe8\x95\x99\x0c\xa7x9\xdc\x7f`\
\xe2\xf0\xd7g\xa8\xb4_\xbe\x9eBR\x10yBj\xbd\
)\x82(\xf7,\x8d_\x0e\x8b\xf3\xfc\x87\xb8\xe6@G\
QEF\xad\x99\x83\x100\xa4]B\x8d\xe1'Q\xc4\
:\xbe{\xc4\xd1K\xb4\x22\x11Q9\xc7R?\x11/\
\xdb\x14\x97h\x1f$\x8fz\xa3n\xb0\xb5\x9fx\xa3t\
\xa2~\xfc\xab\xf6@\xaf\x07\xd8>\xaf\xac\xf5YDQ\
p\xa0<+\xeb\xcc\xb6\xee`\xf5R-,3+\x08\
\x8f\xae~\x0c\xe7\xad\xf0\xf6\x19W\xa0\x1c\x89KVI\
\xfc\x22\xbd\x9a\xaa\x121\x11\xf7mm\x93\xc4\xe8\x00M\
\x04d\x88\x9a\xaa\xca\xb2\xb6\xd4\x13\x0f\xd3Xq\x9e\xb0\
\xd4uP\xd8v_\xaa\xb8\x0d\x5c\xd3\x03% \x9b \
\xad\xb0\x85\x95\xb8\xa2\xd2,c\xd6*\xca\xedF\xceO\
:\x12d\x1a\x88\xc6[w\xd9k\x1a\x8aHC\x82\xd1\
\xfd\x1aG\x22\xaa\xca\x0c\x0bXr\x0b\x99\xe3Ll\xfe\
\x99\xd2'0\xd9\x07El\x0du\x8a\x89\xff\xf8\xac\xcb\
i%\xfd\x1c`h?\xc8\xf9Gg\x9d\xd0\x16\xa0A\
\xcf\x09\x85\x8e\xc4\xc3V\x90\xbe\xba\x043\x10\xd8\xfd\xb4\
\x86\xe4\xa3\xabL\x98AZ\xef\x7f\xf6\xb0\x17d\xda\xf8\
\xf8\xe0\xd1\x0f\x82Nhb\x8c\x0f>\x8a\x80\xecB=\
X\x13\xfa\xfa\xcc\xffz\xa3# E\xb6\xd7\xc3\x9f\xaf\
\xe2\xc5\x9d\xa3\xeb\x9a\xb5\x9a\xa6\xed\xcb>\xe6\x85\x11}\
\x8e\x9c5\x8f\xb3\x85JU\xfanS\x00\xdf\x1a\xad\x9b\
 \x13\xc7\xaa\x0d$\xc1\xc2\x9c\x03\xe5\xb6\xaf\xd0As\
V)N\x08\x0e3\x22\xbaXb@\x0f\xe6\xbem\xcf\
X\xaa\xac\x12\xbf\xb5lH'\xc9\xb1\x1fBF\xfel\
\x1d\xe2\x16\xa9\x8cw\xed\xba\x02t\xaf\xdc\xe0\x03\xce?\
Y\xde\xaf\x16zl<\xd2}\xd5\xe7z\xe9\xdfW\x16\
5x:I\x05\xf3\x81\xedU\xd0\xe17~\xf9-3\
\x0e\xc8\x90>n8\x8aR\xc64Q\xcbd\x05}\x8b\
\xe7H\xf3N\xe1:\xa4OX\xf1\xe9&o\x10BZ\
5\xa6\x1dJ}K\xe6\xc6\xfa\xda!\x08s\xc1\xba\xd3\
\xd7\xca\xf8C\xe2\x8a^\x8f:+y\x90\xb4\x19\xed*\
v\xba\xab\x1a\x1cD\x83\xb1\x89\xfd\x8eT\xcd9\xb0\x1b\
B\x14Z$;\xb9\xbd]hs\xd6!\x98mM\x91\
\x04|k\xf0Q\x82J8_\xf47%\x8cX\xe4\xe6\
\x9d\x12\xdb\x0cm\xcd\x0ap\xb91\xa5\x906\xfc\xf5\xb6\
{\xaan\x95o\xc6\xf3\xf8\xba\x1d\x19\xb2\x01\xfft\xf7\
\x22V\xc0\xed\x95\xdbPv\x9f\x0b\x8e\x88\xca\xc3\x95\x15\
u~5\x18&\x00eI\xc1O\x04\x9cY\xa6\xf8B\
\xc9T\xb2\x8d/\xd4\xac/\x96L\xc4\x83\xc1\x84\x0a\x92\
Md+\xf6\xf9\x87\x04\xca\xbe\x94P7\xf8\x07\xfa\xde\
 \xfb/\x95\x101\x90!\xa3\xcc\xb6\x8at23\x9d\
\xb9\xbb\xaf\xd4K\x95\x85\xf41\xcd\xb6\xc6\xa5@\xd9&\
}\x93\xb3\xa3\xd9\x82LKv\x01\xc5N[\x04\xfa$\
9Pc\x0b\xdf\x13\xbd^~<\xdb\xc7[\x825\xea\
\x08&1z\xf5\xa6*\xc3\xf2S\x86\xc9\xbf\xa3\xd5\x13\
\xf2u\x91/F/=\xd7R\xf1\xe4\xe4J\xe3-`\
\x16\xb0\x93\xdb:\x7f\xb5\xd4\x13O\xeel\xd2P\xbd\xaa\
\xabaX\x82\x95\x93zWK\xaa\xec'\xaaj\x09\x12\
\x8fM\xc3\xf0*\xb3C\xe9\xf5D}\xad?{D\x1d\
\xd6\xaf\x01\xf0\xe9\xe2\xdcZ)b=\xd3\xab\xf3\x08P\
X\x1e\xf0\x07\xb4,h-\xcd\x0c\x85\xb6\xe9A\xd1\xd0\
\xa5R|\xc7\xe6\xee\x1e\xd3\xc1\xaa*\x1de%\xa7\xe8\
J=G\xdd\xef\xcb\xd9-\x8f\xb4\xef7\xc0,\xf72\
\x9d-\xe0\xa5\xebl\xdfZ|9\x01PL\xd4k\x99\
\xf7|x\xbb\x1c9\x9d\xb6d?=\x95lg\xb6\x19\
)j\xf4M\x97\xa2\xa0\x99c\x8a\x8ca\xf7\x9a\xfe\xa8\
\xef\xcb\x07\xfe\x08a\xfe\xd8Gw\xd8\xd7\x10Z\xaf*\
$\xb5\xf7\xf3\xec\x9aav@\x97\xf3\xf6\xd5\xcd|\x9a\
\xba\x1f\xe9\xc4\x17*)\x91\xf7i;8\xae\xe7\xd1\xf7\
\x89\xb8\x9e\xe8\x93\x8c\xac?u\x09(8@\xdd\xce7\
\x86\xaf\xbb\xe5\x85\x9a\xe3\xe9w\x87\xf3\x07\x12\xd0\x88\x02\
\xba;~\xbb=\x8f\xad\xf9~\xd2\xa9d\xd8\xef\x1c\xec\
\x0d\x11~\xafg\x1d\xe2\xfd\x06dGt\xdf\xd1K1\
\xae'\xe3\x83j\xf7\x86\xb5\x19)qF5\x89\xda\xd6\
i\x02\xa3g\xb2\xdc_'^\xc3\xac\xbf\xf1\xd1e_\
\xd6n\xd2\xa3\xe4\xad3\x1c\xbcXd\xd9\xc7-R\xf8\
\xcdS\xa0\x1c\xa7\xef\x9b\x96\xc1\x89\xc9\xe2\xf0\xd0\xfa@\
:\xc5\x7fD\x09\xe1\x96\xea2\xab\x9a3\xdc=^\x91\
\x92Q.W\xa2\x1a\x0d\x01\xf0\xe8\xad\xf5\x8f<5c\
\x89\x81\xec\x92\xbfw]\xe6\xdd\x09,\xf4\x10\x0b\xa0W\
s\x96\xb9g\x98X\xb4s\x0d,\x0c\x1aR\xbf\xab\xdd\
\xf4\xb3kRT)\x8f\xe4\x1dpx\x80K\xc3\xe3\x1b\
\x84C\x0f\xcb\xc9\xe1\xb8E\xb4\xa8\xf2\x82\x13\xc4\xfa(\
)\xd3\x1f\x04\x90\x8d_4\x85\xeb\xdf\x94D@\xb7\x89\
\xe6\xed\x8a\x98\x0f\xeb\x0a&\x8e\xf3\xa9\x1fO-]K\
7m\xe88`QF&\x9d\xb3\xbe);\xd3\xb8\x89\
T\xf5/\xa9\xda_\x09\xcf9\xd7\x1f\xa1M|e\xaa\
?w\x9e\x12\x06|\xbe@\x06A\x80\x0eBe\xd90\
\xb3\xbb\xcb\x19\x80-\xc0\xa9\x88\xd3\xf0\xb5\xa4\xc6%\xa0\
&\x9e\x83\x142\x8d\xe3\xde\xf6\xfa)\xa8\xdc\x88\xebz\
\xb7*>\xe9-\x1eC{Y \xe0\xd4(w\xd6\xd7\
\x96\x03\x99\xf0\x90&YQ2\x05\xd8\xef\x9e\xba\xd8\xff\
M\x85\xed\x1d\x81a\xd24J\x12ya\xda*e\x9f\
\x09\xbfg\xfe\xd0\xcc\x80\xd54]\xe8\x92x\xa1O\xa2\
\x0f\xce:\xb3%\xe0q\x9b\x03\x1a\xe2\x87\xc8~\xbe\xab\
\xb5v\x9b\x0a\x0c\x93)\xcba\xc3l#\xbfj\xa6\xe0\
\xe0\xe9\xdc\x91\xa7\x87\xb9\xc4\xec\xba1\x8e8\x04\xf9\x9f\
\xfc/\x9eS\xb3\x0d\x17\x17\xf11>M\xb45\x11\xfc\
\xe1#\xec#/\x5c\x14mR\xad\xda\xcd\xb6\x9584\
\xbe\x81jM\xd4\xe3\xb65\x1a\x94\x07\xe1\xa6\xd0\xcc\x7f\
\xfe\xe3=\x94\xd2\xd4\xea\xea\xd3\xed\xba\xb2\xd1\x81\xa1!\
%\x22\xf4\xb9\x85%F\x07\x03\xd7Z\x83\xee\xda\xb5\x9b\
Q~\xe2vj}\xd3L(\x10\x0b\xa8\x01\x95Ud\
\xc9\xe2\xbf\x14\x08\xfa$\x96\xa7\x0b(j\x1dj\x12\xd4\
\x1e{\x00\xe6\x0d-Zd\xeb|\xc3\x90>R\xaf\xe9\
\xfa':\x86\xa6\xedD\xb7H\x00:\xce\x0bBM\xf2\
$\xf2\xb8\xe5`{\x02\xca\xcd\xe8pN\x5ci\xb0n\
\xa7e.\x080\x12\xc2\xd9\xe1\xc2@\xd3\xa6Aw\xe4\
:o\x22\xe9Mmx\x17\xfb\xf90\x19\xeb\x87\xe2\x04\
\xe0\x17}.\xedoW\xb1\x95\x5c\x05\x99\x03\x87N\x80\
\x0d\x18VA\xb9Jz\xae(29}\xf2#\xean\
K&\xa4\xb7\x85c/\xbe\xd2\x99.\x84'%\xa4\xd3\
\xff\xd4^e\xb1\xe3\x1bX\x82\xb0\x00\xe0\xe1\xec\x96\xbf\
}\xda'z)\xa5s+\x88\x04\xe3\x10\xebx$R\
U3\xaa\xc1\xf8\x01\xc0\x16\xf4\x96lf\xb7]&\x18\
\xa9\xca1\x94XB\xd7`r\x8a&]\x95\xae;2\
\xf3q\xbb7\xaa\xb2\x1cs\xc9a\xefVXasR\
b\x07\xdd\xcf\x02\xe7\xdd\xea\xc5\x14\xc1\xb2:\xe7\xebp\
3\xae\x14~}F.\xab\xa2O\x84\x04\xca\xd5CY\
\x15t\xea\x8d4\x1e\x22\xc3>\x87vpC8\x859\
m=\xba\xed\x90\x84\x12\xc5lV\xfe\xd2b\xa4\x98P\
\xbacP\x8c\xfb\xc7\x04\x09kS\x94\x7fh&\xe5\x8a\
-W\x09\xa3\xcaM\x01\x01\x83\xaf$o\xd2\xe7x\xdd\
\xb6g\xc4G\xa6\xc4\xff\xbe\xe5\xd2Z\x1c\xfd\x98\x1a\xd5\
\xb0\x92\x1e.O\xe8\xf0\x97B\xe0k\x15\x06\xca\x04z\
\x02\x86\xa9I0\x8d\x5cc\xea\xe8c`\x9br\xa3\x9b\
C-A?\x81\xf9\xb5:\xf1\xa29\x8dO\x83a\xe7\
\xf8\xd7\x94\xb5\x90\xfbP\xaf\xa8\xe8QM\x87}/\xf0\
\x9b\x8d\xc8(\xb4\xd7\xc4%9LX\x8c~&qO\
\xba\xdf2e\x0fE\xd3lQ\xea\x00\xa6\x1f\x9eo\xec\
\xcc[*\x09\x5c=\xe3\xec\xbfM\x97\x09\xae\xe6\xff\x12\
\xa0\xbb\xf0<7\xabQ\xfc\xac\x9e\x96\x86\xef.\x07\xa5\
\x83/w#\x82\xa799\x14\xe70\x04\x07\x1c\x15\xc3\
\x0d\x8f\x92\xe8#K;\x88\xd7\xf0`'I\x97/\xf2\
\xdcx\x04\xdch\xf8sW\x16\xff2t\xe30\xe9:\
\xf8\x22\x1b\xe9u~\xc7\x03\x0f\x1c\x12\x92\x9f{\xdc\xb6\
L)\xcd\xe3~L)L8@\x94\xad\xcb:\xbc\xf3\
\xb5H\xf1]\x89;\xee\xa9\x1f\x5c\x10\xae\xc7\xdc\x8b\xaa\
4\xa8\x8d\x1d\xf1\x09\xbb,\xfb\x9a`\xe65\xaa\x14;\
_\xeeJ\xa3\xcb\xbf\xe8O\xf01\xd8\xca8\xe0\x0e\xea\
!u*\x17\xfa\x1a\xd8\xdb\xba\xd6\x87\xd9Go?(\
\xf3\x16\xf0Dx\xa9\x9b\xf2\x06\xa4\x14y\xfa\xc8\xef\xb1\
\xe0\x14X\xf8\x8d#\xce^}\xc2y\xe08\x90N\xf2\
\x94\x0en\xac\xbfBXT\x87\x18\xa2\x94\xea\x9b\xa70\
.\x5c\xd6f*0\xf4\x17\x1f\xda\x83\x89\x85l\xb4\xad\
\x0c\x04\x0d.f\xb5\x1e\xfe\x0c\xc1\xdc\x8e\xd9H\xda[\
`\x8b*05:\x96\x9d\xd8E\xb3\xb0\xce\x03^2\
\x05\xdf\x17h\xa0Z\x89\x9d=4Q4\xe8\x06X\x8b\
0\xf1\x10\x22<\xe0\x9aP[\xef\xf6\xf8G\xd5\x06A\
\xb9.\xde1z\xc7\x95\x9fB6~\xc7\xc3\xb7\xd8\xa3\
AjS7\x98\xebb\xa0]\x87\xb4\xc4\xe0]t\xfb\
 \xec\x09\xf6\x81f\xd6\xb7\xb9\x99\x8c\xe7\x0601\xe8\
\xd5\x8a\xb3\x85\x14\x11\xaa\x9e\xcdwc\x8c\xaf\x14\xd5M\
|\xdf\x17\xca\xf7_\xe3\x5c\xaf\xe3\xc3_\xc2j\x04\xa0\
!\xd2\xb7f\xe0\x8e\x10z\xe5\xe2\x12v~\xee\x92\xee\
\xd8\x91V\xd8p\x0b\xa0T\xa1A\x8857\xf7\xb0\xd4\
\xe7\xb9_\xbb\xe9\xb7M\xf3\xb4\xf0\xd7#\x96+\x15\xb8\
\x17\xac\xf78\x96\x8f\x10\xb3\xf0\xee\xdc\xb8>E\xf6\x94\
\xa8\xa2\xf2*\x88\xdeU\xd4\x95\x88\xb6\xc6L\xa4\x22\x8d\
\xab5\x84\xe2\xe6$\xf6w!\x9e\x0f\xcd\x9a\x9dk*\
\x144\xbc\xda\xf1\x1c\xe9S\x09e\xa7`%>\x13\xdf\
\xba\x0a-\xc0\xc8\x0b\xbf\xcf\x95\x8a\x979\xb8\x13\xd6\xd2\
k\xbcU\xe1\x9c\xe1\xbe\x7fX`\x0a\xbf\x01\xad\xbaJ\
@\x81\x9b\x17fb\x11\x13O\xbd\x9f\xd8\xe1\x1c\x0d\x0c\
On\xa4{\x85>\x05\xb7mg\xcc\xfb\xc3&\x19\x1f\
z\x16\xb3d?\xf9\xc1\xfb\x08\xe8Q\x18/\xee\x02\xb1\
\xb7\xb2C\xdd\x88>\x86\xfd&\x7f\x15L\x02\xf9\xf7\xc8\
\xbc\xe1\xf0W\xfcD\x18\xff\x9f\xdbs]y\xb3\x84_\
\xf0\xdb\x93\xdb\x05\xdc2\xd9\xa8\x96.\xc0\x96j\x86\x91\
\x93V\xb3\xeb\xe8\xd3g\x00@\x893\xe7,\xc3]D\
)\xf8lw[\xe5\xb3\x92D\x1c\x9b\xdc\x82\xc9Q\x9e\
\xee@\xc0\xe1$\x93\xa2\x12\xbe\x88OTk\xbed\xba\
\xfb\x8f*\x0d\xd8\xcd(\xb24\xdf\xdb\x17\x06s\xed\xec\
F\xa6\xdfr\xa2\x9e\xe8\xaeI\xe5\x01q\xd9\x13\x9d\x0b\
\x1c\xc5ie?\x82N\xb1RV\xcck\xa4\xec\xa2\xe4\
\x12)\x18\x0a\xf1\xd8\xb7{\xf4\xdep\x11\x0e\x12\xb5\xf6\
\xe0\xf7\xd47\x93\x04\xfc\x8c\x053\x97\x8d\xee\xf0Ac\
`z\xe3\x00\xf4\xa4\x88\xbeU\xf3\x00\x8d\x9c\xdeD\xaa\
\xd2$\x9c\xa1\x89\xab\x0d\xef\xb9Ym\xbd\x982J\xce\
\x99\x80\xe6\xdc\xc6CdUe\x18\x81 ]P\x8cE\
u\xff:\xad\x18\x14H\xa0*\xd5\xc5\x1d\x1e\xc3\xbd\xce\
w\xd5\xb4\x0fJ\x96u\xfb\xaa\xc4u\xef\x99\x81\x86K\
/\xdd\xf2\x8f\x12\x06h =\x13\xa6\xa0;\x139\xac\
\xd0\x8e\xb9MZ>\x84\xe7J\xa74\xf9\xdeK\x8f\xdf\
M\x0c\xa2\xa0\x13\x82\x84EA\x14\x84FD\xcf\xb5\xc2\
\xb8\xfe4~}\xec\x11\x8e\xd2\xceB\x14\xf3\xd12z\
j]-$\xc1\x00P\xd0\xb5R}0\x08\xd02\x86\
\xdcl2\x01A\x8d\x9b\xe8C\xe3\x8e`\xf7\xf8\xfb\x1a\
\xbb\xf5\x97\x09#\xb7Ac\xda\xc8\xf7\x15\xe7\x81\x18\x1d\
\x9c\x91+\xce\x01\xcd\xfb0?X>\xf2\x8e\xe4\xbdE\
F8T1\x18\x12\x89\xfb\xdd\xca\xd8\x0b\x9e\x81\x19\xd8\
\xad\xdeU\x0fr\xc0\x80\x0c\xbbH\x22C\xa5\xaf\xe1O\
\x04b\x9e\x22gD\xc9\xaf\xa9\xeb.\xbc]Bc9\
^\x9f\xbe\x16T\x11\x22\xbc\xe9\xd5\xe99\xfe\xb4\xe5\xd7\
\x0f:\xdcy\xd1\x95\x19q\x11\x8f\xbb\x00\x00\x89o@\
\xbb\xef2\xe4\x1e\xf0fiE\xc2\xf9\xd6]\xfc\x1bk\
\xaa.\xaf \xf2z\x1c\xa4\xe5\x06\x1f\x93\xf5\xf5\x88A\
Q\xf6\x87\x83\x80\x9f-\x9d\x80\xc0!\xf7\x180\x80\x01\
\xb2\x8c3\x17\x8c\x82`\x0d,\xa0,\xd5\x19\xbe\x0ax\
s\xb2%G\x1e\xebnrp\x8drI9\xfa*h\
\xa8\xd4\xe4\xb4\x84\x9c\xe6v\x8b\xb7\xe3\x19sB\x80\x87\
yAa\x1e\x82\x90\x89\x90\xfddS$\x17Hn\x95\
l\x18\xf9\xba\x16cR\xa9&\x0a\xb1\x16\xa0w\xbb\x1f\
F\xa0\xd9\xcf\x91\xf8\x92=X\x09\xbcM\xf2?M\xbc\
S\xf5\xfe\xa4\x90@O\xe1\xb5M\x88\xe1\x89\xb6- \
\xb0G5\x06\x8c\x19\xdb\x0a\x88\x05\xae\xb1\xc1\xe6\xa0]\
\xad\xf1UF\xd8\xfd{\xb7:\x16\xdf\xf8=W\xd3\xe0\
\xf7\xeb\xb8E`\xc3Og\xa0\x8eu\xb2A\xc1c\xea\
\x86\x92LP\xb3\xd7\xbd\xa8\xa0Ze\xca\x072\xb7\xa7\
\xd8\xe2\xaa\xf9\x88H)\xa6q\x80_\x9es\xd4\xf3\x9b\
\x09I\x5chw\xf7\x83\x86\xfc\x0b\xf1d\x95\x94\xaaA\
\x89\xba*\xa3o\xf2\x95\x82\xed\x9c\xeb\x0f\xe4\xbd\xf6\x1d\
\xf3^\xca\xc8kn\xd1\xc6\xf1\x84^\x00\xd5C\xbbD\
\x87\xfb\xaft\xb1\xe2\x10)J\xde\xae\xbf]o\xe9\xc6\
\xf1\xf3\x8ca\xde\xfd$\x03RF\xc2\xa7\xed'\xf3\x00\
0C\xdc\xe5V$\xc4\x15eQ\x8d\xccA\xbf\xadt\
\x09]X8\xc9\x17\xd7{t\xd1 \xaaI\x7f-*\
\xf8\x03\x90\xbe\x93M\x89\x82\xc3\x9a\x22\x18K\xf8\x08W\
\xb0\x02\xaa\x97\xe6l\xcdR\x1e\x1f\xbf\x83\xd2\xff\xb4\x93\
\x18R\xbf\xb4\x01 \x8f1\xb8\xfb\xfa\x0c\x14\xb0\x0d^\
\x8dY\xb4H\xfa\xa1\xb7Y\x08\x1dl\x0b\xcc\xbf\xfe\xa2\
3\xac\xcdi\xdb\xbe\x12W\xc0\xf4\x93!\x96\xfb_\x85\
\x00\x94\xae\x84\xbc\x7f\xd5|lJ\xb8\x04;\xb9\xd0\x97\
\x10\xe1\xdc\x5c\xa7\x17\x96cft\xf5K\xf2\xc2*7\
\x1b\xc7\x0d}\x92\xeb\xb2\x11\x01dee\xa5\x18\x91\xb7\
\xfe\x1c\x88\x13@\xedS\xb54\xc7\x8d\xeb\xb0i\xe0[\
?\xf1\xa45c\x83K\xef\x8d>\x09\xbalCP\x07\
\xdc\x8d\x963{\x8cp\x04\x02Z~\xfa\x1bp\xab\xec\
gCR\x83\xee\x15\xf4\x0e\xe4\xa0h\xcd\x1e\xe8\xe3\x80\
6\xf5\xee()\x19\x8a:\x5c\x19f\xa2a^\xf3Z\
\xea\xb9\x1a\xa2=\xe1\xa8\xb2\x0e\xd1\x88\xa63Km(\
r\xc0j\xbf\xccD\x90\xd8\xcc\xcd)\xb0-c=8\
\xb2\xd4\x19\x84\x22{\xbdv\xe5\xb6\xfeS\xe9}\xd4\xfc\
\xe7\xb1\xdf\xb1\x08\xe4>\xf2R1`\xb8\x9a\x99\x1fW\
\x03\x86%\x07\x8a\x01\x88\x8b\xca\xeb]\xe5\x0b\xf66\xe5\
n\x05\xc2\x12vG\xd6{\xed\x05Ji\xf2]\x833\
aB42-\x04\xc7\xe9&\xb6\x09\x7fQ\xf2\xac\x83\
\xad\xc0\x87%\xbd\x04\xe2~\xa0\xc6\xe1\xaa;z\xfd\x9f\
\xcbv\x04\xf0\xd5\xd3b\xae\xb4\xb4\xb8/1b\xe2c\
\x975 \xbcX\xb3\xb6\xbew\x0c!\x1cRE\xac\xa0\
A\xe6\xef\x86^\x9f\x82\x1b\x8a\xa0\xd6\x9d\xd3\xa3\x9f\xc5\
D\x04\xc3\x1aY\x97b7\x92\x02,\x22s\xcf\x5c\x88\
\xf5\xd4h0\x04\xb5/^\xee\xe0\x9aGP0\x9f\x81\
p\xd3?Sk\x06\x0f\xf0\x0f\xa0\x1aR\xa7B\x04\x9e\
\xd4z\x16+\x16\x0atf)a\xd8\xbcv\xeb\x18-\
\x08\xaer\xe6\xab\x1d\xbcT\x18\xed\xe8\x19e<\xc5\xb3\
j\xd9\x0e\x84\xe1\x86P\x96\x02-v\x0bh\x07\xf7\x03\
\x8c\x8e\xd1\xc7t\xcb\x98\xcb\xd5\xaf\x83\xa4\xca7(\xc3\
\xd2t>&\xe8\xf8&HN\xa8\xb5\xf5\xb0k\xeb:\
\xd8`M\xa2\x08 \x05V\xb2\xcc\x0b)\xe9\x11\x1fv\
\xec\xa1#O\x11\xf6\x0a\x9d\xe1w\xdcm\x14\xcfe%\
UWw\x18\xb196\x00u\xa4ZaE\xff\x80\xa4\
U\xcb!)*\xe1\xa5\x1b<\xfa-m\xb3>W2\
O\xdbV\x97~=\xd5\x1c\x9e\xf9\x14\x16\x0c0\xbf\x87\
kNi\x88\xb7\xeeR\x04%;\x87u\xe6\x8b\x98\x12\
\xea\x1e\x8c\x06\xbe\xaa\xd6\xe4\xeas\x9b?D-\x228\
tE\x9f\xb4\xd0OE\x00c\x9aHM\xff$\xf8\x7f\
\xf2\xa8\xa7S\x94l\xed\xf1.\xd13\xe8\xa9~\x87i\
a(\x97[\x1dl\x08\xfc\x9a\x07\xf4L\x9aa\x0d\x82\
&\xab\x87kX?\x03&\xddU\x0b\xd8\xf1\x87\xb6\x9a\
IPgj\x0b4\x83K\xc3\xb5\xf1\x9c\x9c%\xbd\xd1\
\x8b7q\x8b\xe4j\x14\xcf@\x8e\x1d\xeb\x1a\x80\x8as\
\x91$\x87-\x0a7\x9a\xe4\x89\x13d\xe5^\x91\xcc\xef\
\x1aXlq.\xd2\xd0\xf3\xccG\xa9\x1a\x07\x88\xc2\xec\
\xc9\x9e\x9dQ\x93\xb8\xeb}+O\xd4Q\x02\xbd\xdb\x02\
\x82h\xe9c\xc2\xee\xe8\xa0_\xe7\xf7\xdf\x1b#)\xca\
\xfa\xf6\x01\xca\x19\x9a\xf1~]U\xda\xca\xac\x1b\xe7r\
\x0fU\x96P?\xb3\xd1\xbd\xf1\xb5\xa0)\xd2\x17^\x1e\
\x82$\xae\xafo\x1d\x0d\x96a\xb3\xfa7\xea\x9c\xcb\xa0\
\xb1E\xba\xf0Z\xbb)\x5c&\x9d\xb5\xee#\xc0\x91\xaf\
\x0a\xa9\xa2\x89\xd8\x9eV\xc2\xfb\x99\xce\xa2\x18\xf8\xa0\x0a\
.2U\xaa\x95\xe2\x07\xd7W\x10B\x07\xab\xd0z\xc5\
\xd4\x8dg\xec+\xa7\xe5q\x80\x11,:\xd8eV\xe2\
d\xf5`\xc2\x13\xdb\xd0z\xb4@\xa7\xd6\x9a\xa3\x85\xbd\
\x1b\x9f1\x5c\xdb\x89c\xe3\xb9\x83^3\x04\xa9+7\
\xfa\x9e=\x91w\x86J\xb3\xfc\xbd\xb5\x83kkJ\xb9\
V\x9e\xf7\xfa\x09{\x0c8-\xd3]\xa3\x99=\x07\xc3\
\x16\xa0\xd6\x13\x1dl\x81jc\x08\x03p\xcet\x8c\xee\
~\xc7e\x1e\x0d&\xcb\xe0\xcd<\x8f2W\xa5\x1f\x07\
\xe4\xf4G\x07\xbb\x91r\x00/\x9c\x97\xebfc6q\
\xc4\xeag#\x10\xde9\xec\xe7\xb9\xf1\xcf.\xa7\xbc}\
\x16\xdc\xc85=\xd1\xdd\x9f\x18\xb7\xa3\xd1kfb6\
/\x96>\x04<\xf3\xafa\xa4\x97]Vq\xc2z\x8d\
\xba\xef\x91\x04@e{b\xd5\x96\x8e\x86v\xf6\xdc\xda\
\x07E\x9b\x04\x89%\x8fn5sW\x18=\x14\xfd&\
n{\xf6M\x8b\x048w^8\x8c\x03^ \x83\xc1\
b\xee\x9c\xa8\x0fz\x0b%yV%T|\xd2\xc9x\
\x06\x14\xc8[W\x9d\x81m\x01\xf7\xbf\xa2\x83?U`\
\xbbm\xa6\x87D\x02\xed\x83\xde\x10\x05{,|\xa2}\
\xa9s\xa1\xa6\x96o\xe0\x0b\xa3z\xa7\xa5\x82\xdbK\x09\
\x13\x179\xe3\xa1\x95\xf0#\xe5\xa1\xad\x8ej\x1d\xb9\x19\
%\xd8\xc9Gd\xd2:X\x05t\xf7!\x9da/\xb3\
\xb9\xd1\x94)!G1\xe4\x86\xf0\xbeU\xaa\xedd\xc6\
\xa6\xa2\xdf\x07\xc1\xcfW\x10\xeb\x8bw\xb6\x11\xc9\xc1$\
\xbcj\xfc\x1c\x86Ny\xd5\xa5\xff\xb1\x8a\x057S\xf0\
\xbe\x10\xe3I\x0du\xddO\x0f\xf6u\xb5\x95\xcau\xdd\
%\x11/\xd8\x97\xd6\x8d\x86XA\xf5\xd5\xcdfH\xd5\
95\xec\x17\xf3\x9c+\x8d\xa1\xd9\xf3\xf3/\x98\x00\xb4\
t\xffY(\xa8p\xff\xfa\xcd%\xc9m\x8fw\xcc\xd6\
BY\xc7\x96\x0c<\x1e\xb6\xf9\xb5\xfd\x15\xc62\xdaj\
\x04I\xf0=\x92u\xdf\xf2\x82\xf6Y\x98\x97\x80\x7f<\
~\xa7\xb2\xeb\xd6(\xe0\xd1Y~\xee\xe7\x0f\xad\xd7_\
\xb3\x83\x8b\xc0[a\x17P\xf2$\x8a^\xa3e\x0d{\
\xd3u\x91\x92\x17\xdco\x82{:9E\xd9\xda\xeeS\
DA\xb0\xe8\xee\xd4\x80\xfb\x1c\x8f\xed\xc7[\xb1\xd5[\
\xda?\x0bK\xd1J\x85\xf1\xf3\xec\xe8#9\xdc\x94\xe3\
\x80D\xa6\x07\xdb\x8f\xcbV5\x14\x89\x1c4\xca\x96\xe8\
<@S\xfc\x8e\xb8/\xcd\xbc\x7f\x8e.\x0e\xf0\x90\x13\
ks\x8a\xe8\x11\xbeU\xd3\x8br~\x7f\x9aO\xe9\x1b\
}\xab\x81\xe3\xe2k\xfc_M\xf9\x07\x17\x87\x89,]\
n\x0ctHk,\x0cu\x09@o\x80\x22X\x08\xda\
\x14\xd3\x1e\xbb\xe6\xa5\x95\x97\xba/=Z\x9d\x90\xf3r\
\x06\xfd\x1a\xcd\xa9?l\xcc^\xdc\xb9s\xa3\xba>\x0d\
B\xc0\xf8\xf6\xa1s\x14\x9c\xef\xcd\xc1i\xce\x1d?\xbd\
a\xf8Y\x1e\x13\x1fd\x8a\xd5\x81\xe6#q\xea\xa8?\
c\xfd\x930\xfc\xa3\xcd\xf6On\xaf\xdb\x93L\xc6;\
\x1b\xbd\x85)\x8ag6%\xe32\x91\xb3\x1b\x82\xf2|\
oJ\xa5\xc1\xef\xbf\xb3\xdd\xa8\xd4L\xf5\x99Yv\x1b\
J\x90v\x18\xae(\xd5_\x0c\x92x\x8e\x8b\x0cs\xde\
\xef/\xbd\x0a\xdb\x0d3_\xd7\x80|h8\x88\xac\xfe\
\x03\xc8C\xdcgJ\x05\xddg\x0e\xc5\xc5m\x18`\x17\
\x99\xc7)|{C\xe1C\xeb*z\x8a\x9e2\xdc\x1b\
\xc2\x9c g\xb3-4'\xfc,\xa8\x01\xc8\x03>\xbc\
\xd3\xe5:\xbb\xb8\xefn: \xaf\x1eG\x9abDB\
:\x8fb\x8b\xe8Y\xf7\xc80\xe3\xb8:^\xf8\xf0\x0c\
\xbb\x1b\xb0=\xd7J\xc8\xb4\xa6\xb0d\x16VeZ;\
\xe4\xbc\x0c}\xa8-\xe9\xd6\xa7v;\x90X]\xbe\x8a\
\xd5\xfb\x08x\xfb\x106\xbcW\xfe!\x06\xd3\x10\xa7$\
\x86\xec=\x93+\xf6)0%\xba\xd7\xb3yi\x1e\xab\
&>{\xcc\xa9R\xe9\xf9\xa5J\xdb\xb3\x81\xfc\x93\xfa\
\xd4\xc8W1\x9e\xd5\x03r\xd3fM\xfb2\xd7u\xb0\
I\xd0\xd5)\xde\xf2\xcd$\x1e\xcd\xf3C3\xd1G~\
\x1f7\x9a\x8at\x8c>WZ\x95\xa7{+\x95\xd0\xc4\
;\x8a\xe2m\xf2\x83\x99\x94\xccp\xb4W\xe4\xf3\xa4\xb1\
\xf5^\xe7\xb5\x9dA\xad\x9c6\x9a\xf9\x08\x03\x8c\xd5\xdb\
_\x91\xb77'\x8fd\x14j\xf6\x22\xa8Y\xe3\xf3\x97\
\xe4\xda\x81\x18\xa7x\xd7\xa95_\xc0Z\xf1\x95\xba\x17\
\x15\xaf\xde\xe4\xfe\x11\x1cb\xfd\x18\xd4@\xf0@\x88\xac\
\x0eW\xe7\xb5\xef\x84S\x02\xce\xd0\x22\x88T\xf4q$\
\xb1;*\x96\x9c\x8c\xa9BO2\xb3\xc6\x9c>\xb1\xe4\
/^\xb1\x9f\xa0\xc4\xe4\x1ew=|\xea>lW\x86\
\x81\xffy\x0a\xd3\xab\xa4\x0d\xd1\xb1\xd7\x1fG\xbd\xb6.\
\x1c\xb9\x98\x15\xce\xc3\x149\xab\xf3\xaem\xb3\x01\x9d\x88\
oYv4\xe0\xba\x11\x1a\xc8q=\xa7\x08\xf9\x11\x0c\
\xdf\xc0i/\x87\x97\xa1Ue:\xa3\xcd\x8cAhA\
19\x8c\x95\xb7V\xe8wU\x18IQ`f\xd5\xd8\
\xaf\xbd\xe4\xc9\xea\xa75@\xbazFa\x7f\xd9\xe2\x17\
\xd8\xd9\xa4475r\xd4.\x1e\xeb\x90S6$\x88\
@F=\xd2\xf7<\xa7\x0cp\x9a\x94\xfa\x8d\x02V\xcc\
\xea\xdf6\x85\xf6,e\x8b\xdep'\xd8JT\xe3\xde\
x\x9d\xd4\x11Z\xa0\x00\xc6ii\xee1\x0a)w\xc1\
\xd7^\x08h\x15\xe3\x09\x88\xa09u*\xbd\xd3\x8b\xbf\
\xcab\xb0\xf2]\xdd\xa9s\xee\x18\x8b^\x05\xc2\x9ak\
%\xa9\xa9\xfd\xc3+\x09C\xf2\x0c\x1f\xb9O\x83\xf6\xb1\
\xd4\xfd\xc8\xf4\xcat\x86\x7f\xe6h\x9ey+\xff\x09\x1e\
c\x0b\xdaM\xa5\x93f\x0c:u<T0\xdd\xef\x84\
\xd9f\xad\xb6\xd6\x01\xdf8\x048\xeeF\xdb\xd24\xfe\
\x8b^\xe5\xe3\x09\x0e\xd8/+R\x1d\xc0%\xb2;\xe5\
\x84\xe30\xaf\xf5K(\x11\xeaf\x8d93\x98\xfa\x09\
ma\x22\x8a`[\x0d\xd8\xcd+\x81\x0b\x1d<\xfb\xb7\
t\xd2r\x0f\x03\x8b\xfd}\x04\xae\x9c\xbb\xe4\xbdCt\
<C\xefE\xce\xc4\xb6\xd7F\x1c\xc6\x91\xc3\xee\x0cU\
Q3G\x07FK\xf1\xd2\xd1\x22\xb9^\x99\xc9X\x13\
c\x902\xe7\xeb\xd5\x0a\xee\x80\xcc\x93=\x11\xa8D?\
\xd8\xff\x9f\xe5\xba\xcb)\xcd\xc4\xd0\x81\xa2\xe2g\xcd\xab\
\xb8\xf7\x7f\x7fm\x8b\x9c\x11\x10\xdeH=\xc8\x05]\xb4\
\xba(\xe8\x9d\x86S\xa6\x19\x13\x15(\xa4\xc4\x16\xb1a\
\xf6`G\xe8\x8c\xb2L?i\xa4\x07\x93\xd57\x8f\x0b\
\xdc\xaf\x16\xd9\xfa\x03^\xc6\x80\xa5CyE\x83lj\
\xeb\x85\xe2D\xf5C\x06\xa2\x83\x01\xad\xfb9\xdfe\xd2\
\xe7?W\x0c\xa5r\xe6\xa1=\x187/\xa1]\xb5\x07\
\xb3\xcc\xd93\xa43\x0e\x11\xf4\x11v\xae_4\xf3 \
z\x0a\x04\xa1B}\xdd\xb1\xaaM\x03\xbfMB\xf0\xb3\
\x90\x05\x17p\x91\x7f \x04\xf7E\xe7\xa9`\xa8\xd7K\
\xeaF\xaf\xdd\xf3n\x7f(R\x1f\xe3\xf9ywmf\
\xb4\xb5S\xd531~\xeb\x82\xd3U\xbf\x83[D\xb2\
\xee2\x09$q]7C\x0b\xb8\xdf\xf7\x88\xee\xb4P\
\x87\x17\xef\xbe\xa3\xdf\x01H\x1d\xe9\xfb\xd74\xa5qy\
|\x9b\xd5\xfa\x01\xbby\xb7g\xf7\x82k\xd9\xfbd\xee\
E\x80\x9b&%\xcc@\xaa;;\xbb|@\x04Q\xaf\
\xb3\x84\xdc\xe13\x16\x92b\x8c\xb5mO\xdc\xca\xc6\x84\
2\x93J!x0\xda\x15;\xb51\x1e\xad\x0b\xe3\x04\
\xa3 \x94\x96Y\xc5\x7f\x7fC\xb7\xb6KmY\x81\xc2\
\xa6\xbc\xd1\x99:_\xe9>\xa4R\xbd\xa1\x97dJo\
(\xfc*'CeAJ\xa4H\x94\xed\x19\xf3cn\
\x9aC\xec\xacN\xf6\xd8\x1f\xe1g\x8a\xe8\x10&1N\
\xd4\xe5\xfcWiO\xc7\xb0`\xda\x11T\xb6H8\xc8\
p\xdb\x83\xbf>[\xcd\x118\xda\x17\x80##\xfc\x92\
\xf7v\xae\x88\xcd\x0f@\xcd\x93%\x8f\xda\xa3\xbaHm\
L\xd2i\xbb_\xdcTXK\xf6\x17\xc3\x9bSUF\
o\xe1g`\x02\x06xA\xb5\xec\x05=\x0ex.:\
\x98\xcccf\xc6\xd6\xaa~~\x88)\xa64\x17\x8a3\
_\xba\xbc\xe0\xfe\xaer\x1b\xab\xc7\xbe\xda\xa5\x10\xad\x8b\
\xda\x9f8\xf3\xef\x18\x8b\xd2\xbe\x1fA\x11C\x10\x91\xb8\
\xde\xbf\xd8\xd3\xec\x8am\xda\xdd\xcc?\xb8u\xd1\xcax\
\xcd?P\x1bq\xf4XryRG39\x0c\xecu\
\x1d\x80\x07\xb3\x09\xc9*\x13\xfe\xfbo\x1f\xf0\x8f\x837\
\xfdL/;\x84\xad\xe20\x18\x09\x92\xac\x99\x82\xc8F\
\x03zqK\xa9n\xd7\x13\xf4\x07\x9f\x00s\xa1A\x0a\
\x93\xae\xf9f\x9b\x0d\xb47\xaf\xee>\xd7R\xc1\x0a\xd6\
\x9b3V\xac\x82B*\xb6\xa7j\xb1\x0e9\x82f\xac\
\xc5u+\xef\xee\x05\x80lA\x83\xaf\xfe+6\x1d\xbb\
\xad.\xc0\xe9\x18w\x9e\x9eXe\x9dt\x1e\x9c*\xd5\
b\xc1\xf8\x13\x9e7s\xc1a\xfc\xae\x0cC\x81\xe6-\
g\x99\xab\x8e\xfb\x1a\x1f\xa8Q\x0e\x0d\x1e\xf0P\xabn\
\x05\x97\xc0Fj\xdf\x92L\xdd'\xcf\x03\x90\x82K\x22\
wg.\xd1\xb9Lg\xe55\x8d\xeb:D<\x9e\xab\
\xeeM\xec\xbc\x81n\x16\xda+\x14:\xb3\xda\x89\xaa[\
\x85\xaa\x19Y\xb1HD6\xa70KvO\x8e&\xf9\
,\x19\xc8P\xf7\x01\xcfH0\x04\xa9S\x8b,P\xb6\
b\x0a\xc9\x92/t\xc7\x0c\x14\xf2\x10\xb4\xfe\x1b\x1fQ\
\x9bx%\x9d\x83\x80\x01\x05_\xc6-\x94\xa27\x92,\
}_\xb4_Z\x83\xf1\x02\xe0\x85\xf1;\x1f\xad\xa8\xeb\
m\x17O\xfa\x0d\xdd@vF\x0fx\x19v(\xffI\
\xd8K\xc7\x82\xf6\xe0\xab\xf9Y\xe3\x93\x80\xd3\xc1\xee\x8e\
\xe7\xa9\xd3\x96\xe6\xbc_\x04.\xad8\x91\xa5\xbf\xd2\xe7\
\x0a\xf0P\xcaJ\xd0\xb6\xcc\xa0`\xcf;\x81\x91\x19n\
\x19\xadO;\x84\x10z\xf7\xceE\x0a&5\xb5\xb3\x86\
\x92v`&\xf7\x93\x846\xc5{r\xf7\xf9\x0bl\xdc\
:\xbc\x9d\xa3-n\x85\x07\x7fp\xb6\x83\x9e\x88Z\x1a\
[\xca\xe3\xc0\xe7\x9b\xc7~c\x83\xf3?\x22~y\xc2\
\x9d\xb7\xc4\xf8\xaa\x94\xca\xdexA\x91_\x0a,\x96\x90\
J\xafu9C\xbf\xf9^6\xe5\xfc>\xcc\xb2U\xf6\
o\xfd\x1e\xf9\xd8\xea\xa3\x05\x9a?\xc0)\x1a\xfc\xe2\x08\
\xeb\x07\xfb\xd3]\xf2\x1b=x,\xe6`\x05\x85w\x9c\
w\xa0[\xdf\x94\x15M\x0a\x7fTh\x83\x9f\x98+\x9a\
J\xdf\x07cC\xeaw\x9c\x13?\x98\x82\xa0f\x00)\
\xad\xbfF\xb1\xfa}\x80\xc5\x17\xc1a\x8fY\xd2\xd4\xeb\
\xab\xf1\xee\x9c#\xe5\xb8\x8d\xd7p\xfbA!\xa27\xe8\
\xe1.\x1f<\x848\xcd\xe3\xd9O5\xe0\xe3\xde\x89\xef\
k\xb7\x17\xa3\x11a\xd6\x87\xcf\x89\xb3\x7f\xf3M\x99\x0f\
s\xcf\xdb)3V\x00B\xa6\xbc\xd9_NK5\xce\
\x84\xe7\x07QE\x19\x9fV:>\xe8i\x9a\x1e;\xac\
\xefj\xd6vl;F\x89+\xf7\x1b\xab\xf8\x01e\xaa\
\x07\xcf\xc3\xb0\xcb\xce\x1d\xdbW\x17\x96HoC\xa2\xd1\
\x96JR2g\x00T\xeb\x18g\xdc\xb4\x84\xc1\xa0\x10\
{\x86\xb1i\xb9\x0d\xc7U}&\xb3\xdd(\x04\x83\x0a\
\x9d\xfb\x83\xbb)\x89R\xa1\x15\xb7<]\xca\x97/\xf7\
\xbe\x5c\x91\xf5B%\x869\xcel\xcb\xe4E(&\xac\
B9S\xba\x9f\x8d\x8f[k\xca\xc2\xb8s\x81\x82m\
\x8f\x8a\xa7Z\x81<\x8b\x0cgs\xdaz\xdeo_\xf8\
\x5c\x16`\xcf\xa0\xe4\xe7\x8c\xff\x906\x8emH\xf8\xb5\
=r0.\xfb\xeeE\x8dz\xea%\x8a\xbd\x9a\xd8\x7f\
\x12\xaai\xe9\x0a\x03\x815\x7f\xc0\x87n\x94HcB\
\x07\xda\x9d\xcf\x0a\x96\xaa\xe0\xec\xff\x83\x8b\xfc\xcc\x88\xff\
\x16?^\xcb\xfcB\xc2z\x1a\x8e\x99\xfb\x85\x87\x9fE\
\xb4-\xc20\x8c\x0a\xedR4E\xa5\xe5k\xe5\xedG\
\xd5t\xc7v\x8d,PWhNhf\x88\xf1\x09\xc2\
~\x14c\xbf\x05X\x93\x85\x18U\xa9b&:\xc5\xe9\
\xf9m\xe5\x94+\xfd\x02\xf1#\xea\x06Z\xe5\x01\x18|\
j=\xc7\xb0e\x82\xb2\xe6\xba\xd42\xaa\xc0Z\xd9\xb5\
i\xb4\xd85\x9as\xb6l5\xbb\xcaK\x84-\x8aV\
\xe4\xbc\xa6\x91p&\x91\xae\x1br\x9c\x9d\x94\x04\x92\x0c\
\xa1\x80\x85{\xa4*\x0785\x0eK\xbdk\x9c\xa9\xae\
\xa2\xc8j\xd1\x82:w\x0fft\xb8\xc7~P\x9f\x82\
\xea\xdf\xafU\x97 J-\xd2\x8d\x8f\x11~\xc6\x18\x07\
Y@\x13\xf7'\xe6\xaa\xa2\xb6\x9eu\x97\xfar,\xd2\
Lk\x94h\x04\x9e\x81\x9d\x8eph\xf7\xdd\xc9+\xcc\
\xa1\x06^\x03S\x0f\xa1\xaaz\xafrg\xd6lB\x93\
$w\x16\xb5\xb2\x1c\x87\x1b\xab\x97\xa7x\x96\x1e\x04\x14\
\xeer\x0eK\x92\x89\x09\x140\x96\x1d6H\x90\xc3\x99\
|\x1b\xfd\x13:\x1e\x89O\xc7'\x12\xe5\xbe:\xf7\x88\
E\xf9\x070\x02\xfc\xf6!a\x9b\x10\xbe+\x87&_\
\x8b\xee}|\xe2\xd5eV2\xff\x94\x02f\x8e\x90\xec\
\xe2(\xd0\xd3\x0a:\x8b\xe5i\x0e\xc4w\xa2F\x96\x85\
\x9b\x8eWH\xe1v!\x11\xb2\x02\x09\x9aRv[\x87\
p\xc7W\xd7JP\x03B0\x94\xfbn\x05KD\xe8\
W\x91\x86\xd2D\xf3\x14\xb1\xcej\xc6\xdf\xbf\xe0I\xe1\
Le\x00/\xf3\x10\xd4\x98\x88~4\x0d\xf3f\x04\x19\
[\x90\xd2h\x1f;;\x0b\x5c\xf4:\x1b\xf7\x87=\x07\
i\xb9\x18\xdf1\x06B8\xadZ\x82\xcc\xf2o\xeb\x9b\
\xaa\x0c\xbc\x22[\xa4^\x7ff\xadoF|h^\x9d\
BW\x94N\xe5\xf8E\x1d\xf2-\xbe\x90\x0b\xa9W\xd4\
\x9af\x93\x1d-\x09\xc2LC\xb5\x9a\xfe\xf1\x0a\xaf\xce\
\x18MNt\x1c\xb9liH\xf0<\xa1\xdf\xe7@I\
\xbaK{M\xbc\xae\xd0\x01\xba\x0b\xbf\xe9\xf8\x803\xf6\
]$\xc5]I}\xf7f\xa2)#\xcb\xe5U>\x16\
\xa3M(\xdb\x1f\x87\xd1'\x85\xd7]\xe8\xe1\x99\xe1\x0b\
\x83\x9d\x8eZ\xc9\xcfM\xdbZ\x07}'\xbb\xec:j\
\x0c\x1c\xdf\x80\xb9\x80\x03\x8c\x8f\xd8\xfd\xf9G\x9b\xd7K\
\xa9\xd5\x0a\x889{\xd2P\xd8\xcb\x9b\x07+\xa5\xa5.\
f\xd0\xae\xd8\xd9\x09\xab1\xd7\xd0 \xf8ixh\xae\
\xf9_\xaa\xf7:\xc4\x93T\xe3}\x94\x8c\xbc3N\xef\
\xa2cW}X\xc5\xa3\x8a\x14t\x10:\xc1\xb9Yn\
&4\xf6\x0d\xd2\xd4\xbc-\x05\xd6\xa0\x96\x96\x8a\x05#\
Z\x22M\x1a\x8e\x87x9\x0fy\x91\xc0'\xb8o\xe1\
\x81\xbfj\xe5\x94\x99\x0cK\x15\x8ciJ\xcc+\x1a\x9d\
HT\x02\xc9\x07\x17\x1e>\x98\x8b\x5c\x8e\xcbe\x96\x1d\
iPJ?\xc7\xae\x9aXD\xb0W\xfd\xb2}\x15\xf8\
\x8e-\xf1\xc4\x15\x904\xe6\xbc\x81!%\xc1C\x8d\xba\
\xc5r\x84g\x08\x0d\x96;\x92\xf2\xc7\xa8A\xfb\xb1\xb5\
\x12\x14\xdbP\x01\xc4\x0dGLa\xa6M\x98\x1d\xf7\x9d\
\x18\xd2\x9dG\xca\xe7y\xaeg\xd3\xbb\x13\x0c\xf7}\x10\
[\xc6\x08@\xe7S@\x13Zi\x15_\x8fT\xc0\x85\
E\xaf\xae\xd9%\xd8J\xb4\xd6v\xc9H\x9f\xb0\xdc>\
5\xa9\xe2\xb7(\xeb\xd2I\x93~\xff\xfdI\xec\xc6\x01\
\x10\xf8\xea)\x91r\xeb\xe0\x05\x12 C\xa2\xda\xe0K\
\xb5a\x92d\x0ex\xe5\x0b\x02\xab\x90\xba\x92\xbb@2\
\x1c\xce\xe5?\xc5Q\xdd\x8f|u\xc0\xcbV\x84\xd4\xb1\
EW\xb1,.r\x5c\xd1\xcfa\xd48\xc4_&\x98\
\xab\xac\xd7\x8e\xc3\x8aW\x81p/C\x18\x0a2\xe4\x03\
\x00}f'\xd7b\xc8\x05/x\xde\x12\x95\xf5H'\
)\x19\xf9\xdc\x87\xc1n\x0d\xbdk\xcd\xee\xe9\x0dV=\
/b~\xf8\xd6\xd1\xc1\xe0Q\xab^\xf7\xb4\x5c\x89T\
\xb1\xcc\xc3\xd6\x05\xe6\x9fHB<`\xb7\x1ckt\xb8\
\x9b\xa3\x13\xc6\x0dB'\xfcP\xb5\x83\xec\x80\xf5\xf9\xff\
\x0e\x10\x91{\xf2d\xb4\xb1G\xc2\xdc/\x9a\xcb\x00x\
50\x7f\x129<\xc0\xe8\xec,0<\xa8\xc3\xfb\xdf\
\xff\xddQ`\x02\xf6:\x1c\xff\xc2H\xba{\xa7DG\
\x98\xc7\xa8a\xdd\xd0\x00,\x07F\x99\x16/\xb4\x81G\
\x7f\xcbW\x92.b\x150\xd7\xf4\xf9\x11\xb1\x10\xcd\xb5\
\xbe\x13\xd7\x1f\x09Z\x96!\xa8\x0c\xfe\xa7$\xe6(S\
(\x1cK:\x16\x89\xde|\x0b\x0f!Q\x0dvN\x97\
\xf2)\xc4C\x91\x9e\xfbpd\x0a\xf5\x22QT\xf1\xb2\
L6\xd3o\x80`\x85\xf9\xd0:-\x15HY\xebv\
\xd1\x95@E#\xfa\xa5K\xc8\x8e\xe7\xa1\xe8\x7f`\xb0\
\xbc\x10k.C]\xee\x86\xc5\xfe\x04\x043\x0d\xad\xd8\
\x93\xfd\xa9\xdf\xeb\x9a}\xe7\xdf\x1c\xd6@G\x8f\x94$\
\xc6\xe5\xf8\xfbH\x84\xbf\xd1$\xbdO\x84\x9c\x0a0T\
\xd2\x8b\x9b\x89\xc3hN\xa35\x16z\x08\xc8\x14P\x85\
V:\xddS\x83\xee-\xe3>\xbe<\xb5\x85\xd9\xb1\xe1\
\xef\x22W\x8f\x89\x9b.\xc7\x0d\xa8Zx\xeeH\xc0\xcc\
\x80s\x80\xa5\x10\xca\x94\x8e\x10p\xa3~\xb7\xd7\x9f\xbb\
\xd7\x00G\xa3\xcf/\xbb\xd4\x18\x22\xdcQz\xb8\xc4\xdc\
x\x91\xed\xdb~\xe7\xe9\xbe{T\x85-oxq\xa4\
\xd8g}\xc5:\xfaXv\xcb.\xc2B\xb7\xf9\x0b\xa3\
\x8b\xa8\xfa{R\xfd\x80\x81`I\xdc\x1ejh\xd8\x92\
D\x12\x12\xac\xe4\xfa\xbd\xda\xd1\x86>\xdd\x0d\xfe\x18\xd2\
\xd7\xc3T\x01\xc2\x8c\x7f-X\x15Q\x9d;\xdb\xef\xd7\
#\x99I\x11[?\xde\xebM 30\x9f\xbbt|\
\xa7\xd8\x9c;I\xfaY\xc8\xf6)\x1fA\x9b\xf0\xd4\x0f\
x\xb9C\xe5\xbe\x0e\x11\xb9\xa3\x06\xe16\x9f+\xb2\x05\
E\x96>\xf3\xfdH\xea\x1aB\xae\xa7\xc0\xc5\x1d\xbe\xb3\
\xfe\x8b\x84\x86&,\x0cH\xe7t\xdd\x8f\x9cT\x06\xcd\
-\xa0b\x95\xe5\x02&\x98\xc8\xb5V\xa7\xbc0M\x95\
\xf5\xd4\x9bXd\x18|Y\x14p\xfc\x14SX\xc7\xff\
\x0cb\x7f\xf5\xbd\x87\x9b\xa9\xa8\x12\x1dE\xfc\xf7\xdb<\
\x85 \x1a\xe3\x5c\x925\xdb\xc2\xff\x1e\x11Y\xca:Q\
\x8b\xdc\xa7o\xcc\x05\xa0U^H\xff\xfa\xc0\x81\xbf\x14\
z\x89\xbf\x97\x11\xacI\xb1\xbaN?\x0d\x0b\xfe\xff\xdb\
\xed\xbc\xe8^\xe948\x8cxc\x03\xe3\xf9]\x838\
\xc4\xb4A0\xf5\xa8\x1eQ\x1e\xf2\xfc)\x8d\xcb\xa4\xf5\
Ud)\x04I\x1eI_\x11l\xc7\xdc6\xa9\xe5\xc6\
\xab\xaeQ\xbd\x8d\xc4I\xbf\xc0\xef\x81\xbe\x98\x9ba\xa6\
F\xb5Z\xbf\xf4\x0e\xddD\xfc\xa2:\xcf\x01\x01\x9bq\
\xe00\x18b\x97{kD\x86\x8d#\x80\xd4\x87\xe9\x9b\
\x13\x05'h\x0e\xa5P\xcd\xdf\x1dbG\x06\x94\x0c\xce\
\xfe\x8f}\x5c\xe2/\x89\x86V\xf3n\x99t\xa5k\xa0\
\x16\x9d\x9c\xe5\xc0`\xec<e\x1d\x1e\xf3\xe2M\x86\x0c\
k\x97_N\xb0\xee\xa8!\x82o\x8b)\xf4\xec\xa7h\
\x90\x1d\x88\x88_\x8co\xffC\xf2\xcd3\x85F\x08\x96\
\xcc\xb4%\xdf\x01\x9aok\x89\x0b\xe0- \x81\xa9\x12\
\xcc+O,U\x0f\xf2AED\xb0&G\xdcDi\
\xc9GX\xed$\xd8\x5c\x00\x97\x10\xcbsf\xabG\x1e\
^\x224\xf7\xa7\xcf@\xc1K\x9d\xb2\xe7\x85>\x93\xff\
^ASQx+_+k\x1e\xfa\x7f\xbf\xbe=j\
\
"

qt_resource_name = b"\
\x00\x0c\
\x0c\xa7~\x1f\
\x00u\
\x00m\x00b\x00r\x00e\x00l\x00l\x00a\x00.\x00i\x00c\x00o\
"

qt_resource_struct = b"\
\x00\x00\x00\x00\x00\x02\x00\x00\x00\x01\x00\x00\x00\x01\
\x00\x00\x00\x00\x00\x00\x00\x00\
\x00\x00\x00\x00\x00\x01\x00\x00\x00\x01\x00\x00\x00\x00\
\x00\x00\x01\x9cE\xbdO\xf1\
"


def qInitResources():
    QtCore.qRegisterResourceData(
        0x03, qt_resource_struct, qt_resource_name, qt_resource_data
    )


def qCleanupResources():
    QtCore.qUnregisterResourceData(
        0x03, qt_resource_struct, qt_resource_name, qt_resource_data
    )


qInitResources()
